userID2,venID,scores
2,3,3
2,5,3
2,5,3
3,3,3
3,4,3
3,3,4
3,5,3
4,5,4
5,3,3
6,3,5
6,5,5
6,3,4
7,4,3
8,3,5
8,4,3
8,1,3
9,1,5
10,2,5
10,1,3
11,1,3
11,3,3
12,1,3
12,2,5
12,2,4
12,2,5
12,5,3
13,4,3
13,5,4
13,5,3
13,3,5
13,3,4
15,2,3
16,5,4
16,5,3
16,3,3
17,2,3
17,4,3
18,3,5
18,2,5
18,3,3
19,3,4
19,1,3
19,3,3
20,3,5
20,2,3
21,5,3
21,3,4
21,2,4
22,3,4
23,3,4
23,2,4
23,4,3
23,2,5
24,2,4
24,3,5
25,3,3
27,3,3
27,2,5
29,5,3
30,3,4
30,1,3
31,3,3
31,1,3
32,1,5
32,4,3
33,3,4
33,5,3
34,5,3
34,5,4
35,3,5
35,3,3
35,3,3
36,4,4
36,4,4
37,3,5
37,1,5
38,5,4
38,5,4
38,5,5
38,1,4
38,3,3
39,4,5
39,3,5
40,1,4
40,4,5
40,3,3
40,2,3
41,4,3
42,5,4
42,2,3
43,2,4
43,1,3
43,3,3
43,3,5
44,3,4
44,3,3
44,2,3
45,3,3
46,1,3
47,2,3
47,2,4
48,2,3
49,1,3
49,2,3
50,2,4
51,3,3
51,3,3
52,3,3
53,5,3
54,1,3
55,3,3
55,1,3
55,4,3
55,4,2
56,3,4
56,3,3
56,5,4
57,2,4
58,4,3
59,3,4
59,2,4
59,2,2
60,2,3
60,5,5
62,3,3
63,3,3
64,4,3
65,2,5
65,2,4
66,4,3
66,5,3
66,3,5
69,3,3
69,3,3
69,3,4
69,5,3
70,1,3
70,3,3
71,5,4
72,2,3
74,2,3
74,3,3
74,1,3
74,4,3
75,3,3
76,3,3
76,3,3
77,3,5
77,3,5
77,3,3
78,2,5
78,3,5
78,4,3
79,1,3
80,1,3
80,3,4
80,5,3
82,2,5
82,1,5
82,4,4
83,2,3
84,3,5
85,3,5
86,1,5
86,5,3
87,1,4
88,4,3
88,3,2
89,3,5
92,3,3
92,3,4
92,5,5
93,4,5
93,2,2
93,3,4
93,2,5
93,1,3
96,5,3
97,5,1
97,5,5
97,5,5
98,2,3
99,1,3
99,3,4
100,1,3
101,5,3
102,5,4
103,5,5
103,2,4
103,3,5
103,3,3
104,2,3
106,1,3
106,5,4
106,3,3
106,2,3
107,3,3
107,3,5
108,1,5
108,3,3
109,5,3
111,1,5
111,1,3
111,5,3
113,5,3
113,5,5
113,1,3
114,3,4
114,2,5
114,3,2
114,1,4
115,3,4
116,4,3
116,1,3
116,3,5
116,3,5
116,3,5
117,1,4
118,3,3
118,5,4
118,5,3
119,3,3
119,5,5
120,2,5
120,2,3
120,3,5
120,5,4
121,3,4
121,5,4
122,4,3
122,3,4
122,5,3
123,2,3
123,3,3
124,5,5
124,1,5
124,4,4
124,3,5
124,3,3
126,3,4
126,3,3
126,3,3
127,3,5
127,1,4
128,4,3
129,4,2
130,4,3
130,3,3
131,3,3
133,3,3
133,1,4
133,1,5
133,1,4
134,3,4
135,2,4
135,4,5
136,3,5
137,1,3
138,1,4
138,1,3
139,2,5
140,1,5
140,3,3
140,1,3
141,2,3
142,5,2
142,3,3
142,2,3
142,3,5
143,3,5
143,3,3
143,3,5
143,5,2
143,1,4
145,1,5
145,4,3
145,4,3
146,3,4
147,2,3
149,3,3
149,5,4
150,1,3
150,1,3
150,5,5
152,1,3
153,3,3
153,2,3
153,5,4
153,3,5
154,5,3
155,2,5
155,5,4
155,2,3
155,3,3
155,3,5
156,5,3
157,4,5
158,4,5
158,2,3
159,3,4
159,3,5
159,2,5
159,1,5
159,4,3
159,3,3
161,5,3
162,5,3
162,5,5
162,3,3
162,1,3
163,3,1
163,3,4
164,4,3
164,2,4
165,1,3
165,1,3
165,3,4
166,4,3
166,4,5
168,3,3
168,5,5
168,3,5
168,2,3
169,3,4
169,3,4
170,2,5
170,5,4
171,3,4
171,3,5
171,3,4
172,5,3
172,1,3
173,3,5
175,2,3
177,3,3
177,5,4
178,3,3
178,2,3
178,1,3
180,3,3
181,3,3
181,5,4
181,2,3
183,1,3
183,5,5
184,3,5
184,1,3
185,3,5
186,3,3
187,2,3
188,2,4
188,3,3
188,5,3
189,3,3
189,2,3
189,2,3
190,2,3
191,1,4
191,5,3
191,1,3
192,3,4
192,3,3
192,1,3
193,5,5
193,5,5
194,1,3
194,3,3
194,3,3
194,2,5
194,5,5
195,2,5
195,3,3
196,1,4
196,3,3
197,4,3
197,5,3
197,1,2
197,2,3
197,2,3
197,1,5
198,5,3
198,2,2
198,3,4
198,1,3
199,5,3
199,3,4
200,5,5
200,4,3
200,1,4
200,2,3
202,2,4
202,3,3
203,2,3
203,4,4
203,4,3
203,5,3
203,1,4
205,1,3
205,4,3
207,1,4
207,2,3
207,5,3
208,3,3
209,2,3
210,1,3
216,3,3
217,3,3
217,5,3
217,3,3
217,3,4
218,3,3
218,5,4
219,3,3
219,3,3
219,1,4
219,1,4
219,3,3
219,1,5
219,1,4
220,1,4
222,4,3
223,1,3
224,2,2
224,2,4
225,2,5
226,5,5
227,3,3
227,3,4
228,3,3
228,2,3
229,1,3
229,3,3
231,5,5
231,1,5
232,2,3
233,2,3
233,5,3
234,3,4
234,5,3
234,4,3
234,1,3
235,3,5
235,1,3
235,1,3
236,1,3
236,1,5
237,1,5
237,3,3
238,2,5
238,5,3
238,5,4
239,4,3
240,4,3
240,5,5
241,1,3
242,3,5
242,5,5
242,1,3
243,5,3
244,3,5
245,1,3
245,1,3
247,4,3
247,2,1
247,1,5
247,3,4
247,3,3
247,2,5
247,2,5
249,3,3
249,3,5
249,1,3
249,1,3
249,1,3
250,2,5
250,1,3
251,5,3
251,3,5
252,5,3
253,5,3
253,1,3
254,5,4
254,4,3
255,1,3
255,5,3
255,2,5
255,2,5
256,2,4
257,4,4
257,5,2
258,3,3
259,2,4
259,3,3
259,3,3
260,5,2
260,2,3
260,2,3
261,1,4
261,3,3
261,1,3
261,5,4
262,2,3
262,2,3
262,1,5
263,5,3
264,3,3
265,2,3
266,2,4
267,3,5
267,3,3
268,1,3
268,3,3
269,1,3
269,3,3
269,1,2
270,2,3
271,4,4
271,2,3
271,1,4
271,4,3
271,3,3
272,1,2
273,4,5
274,5,3
274,2,3
274,3,4
274,1,3
274,1,3
275,1,4
277,5,3
277,5,3
278,2,1
278,4,3
279,1,5
279,2,4
279,2,3
280,2,5
280,2,3
280,4,3
280,3,3
281,1,3
281,1,3
283,5,2
285,4,5
285,1,3
286,5,4
286,5,5
286,3,3
286,4,4
287,3,3
287,4,2
288,3,5
290,3,3
290,3,3
290,1,3
291,3,4
291,5,3
292,1,3
292,1,5
293,2,4
294,1,3
294,3,3
295,3,3
295,2,3
295,5,3
295,3,4
295,5,3
296,3,3
296,1,4
296,1,3
297,1,3
297,3,4
298,1,3
298,5,3
299,2,4
299,2,4
299,3,3
299,3,3
299,3,3
299,4,3
302,4,5
303,1,3
303,3,5
303,1,5
305,1,3
305,2,3
306,3,3
306,3,4
307,5,4
307,2,3
308,5,3
308,3,3
308,2,3
309,3,4
309,4,3
309,5,5
310,3,5
310,2,3
310,5,3
311,4,3
312,1,3
312,2,3
312,4,3
313,1,3
314,3,4
314,2,5
315,1,3
316,3,3
316,4,3
316,2,3
316,4,3
317,3,2
318,5,3
318,3,3
318,3,3
319,3,5
319,5,3
320,2,4
320,4,5
320,2,4
321,1,4
322,1,3
323,3,5
323,3,2
324,3,3
325,1,3
325,3,3
325,3,5
325,3,1
325,1,5
326,1,4
326,2,4
328,2,5
329,3,5
329,1,4
330,1,3
330,1,4
332,4,3
332,5,5
332,2,5
334,5,4
334,1,3
335,4,3
336,3,5
336,5,3
337,3,5
337,3,3
337,5,3
337,1,3
337,4,3
338,2,5
338,3,5
338,3,4
338,2,3
339,3,4
340,4,4
341,5,3
341,3,3
341,1,3
342,2,4
342,3,3
343,2,4
343,1,3
344,2,3
344,5,5
345,3,5
346,2,4
347,5,5
347,4,4
348,1,5
350,3,4
350,1,3
351,1,3
351,5,2
352,3,3
352,1,3
353,3,5
353,1,3
354,1,4
354,5,2
355,1,4
355,2,5
355,5,3
355,3,4
356,2,4
356,5,3
357,5,3
357,3,3
358,2,3
358,1,4
359,2,5
360,2,3
360,4,5
360,1,3
361,4,4
362,3,3
362,4,3
365,4,3
365,3,5
365,4,5
366,2,3
367,3,3
367,1,3
368,5,4
368,3,3
368,5,4
369,4,3
369,4,3
370,3,3
370,1,4
370,4,3
370,2,3
371,2,3
371,3,4
372,3,3
373,1,5
373,3,3
373,3,4
374,2,3
375,3,3
375,5,4
375,3,5
377,3,3
377,2,4
379,1,5
380,3,3
380,1,4
380,2,3
380,5,3
381,1,3
382,3,3
382,1,3
383,1,3
384,5,4
384,3,5
385,3,3
386,1,3
387,4,3
387,2,4
388,5,3
389,4,3
389,3,3
390,3,3
390,1,3
391,5,3
391,4,3
392,2,5
393,5,3
393,2,3
394,1,4
395,3,3
396,3,3
396,1,4
397,4,5
397,5,3
397,2,3
397,2,5
398,2,2
398,3,4
399,4,3
400,1,4
400,3,3
400,3,3
400,3,5
400,3,3
401,2,3
401,1,3
401,1,3
401,3,4
401,5,5
402,5,5
402,3,3
402,3,3
403,2,3
403,2,3
404,5,3
404,3,4
405,5,3
405,5,5
406,1,5
406,1,4
407,2,4
407,3,5
408,1,5
408,1,3
409,1,3
409,1,3
409,3,3
409,3,3
411,2,3
411,5,3
411,1,3
411,3,4
411,3,4
411,5,4
411,4,4
412,3,5
413,5,3
413,3,3
413,3,4
415,1,3
416,3,3
416,3,5
416,5,4
416,3,3
416,2,5
416,5,3
417,4,3
417,1,3
418,5,4
418,3,3
419,5,3
420,1,3
421,3,4
423,2,3
423,2,3
423,1,3
423,2,3
424,1,3
424,3,5
425,1,3
426,2,3
426,5,3
426,4,3
427,3,3
427,3,1
427,1,5
427,1,3
427,3,3
428,2,3
428,5,5
428,3,5
428,1,5
429,5,3
430,3,3
431,5,3
431,4,3
432,2,3
432,3,3
432,5,3
433,1,4
433,5,3
433,2,5
433,4,4
434,1,3
435,5,4
435,1,3
435,1,3
436,2,3
437,1,3
438,3,4
438,1,3
438,5,5
439,1,5
440,2,3
440,4,3
440,1,5
440,2,4
440,5,3
441,5,5
441,1,3
442,4,2
442,1,4
443,3,3
443,2,3
444,5,4
445,3,3
446,3,4
446,2,3
446,3,3
446,3,3
447,5,3
448,3,3
450,5,3
451,1,5
451,1,4
452,5,4
452,4,3
453,3,4
454,3,5
455,3,4
455,2,3
455,3,3
455,4,3
457,2,3
458,5,3
459,1,3
460,2,5
460,1,2
460,1,3
461,3,5
461,4,3
461,5,5
462,4,3
462,4,5
462,3,3
463,2,4
463,1,5
464,3,3
465,2,5
465,1,3
466,3,4
466,1,3
466,2,3
466,2,3
466,4,4
466,3,3
470,4,3
470,2,3
470,5,5
470,2,3
471,5,4
471,5,5
471,5,3
471,2,4
471,1,3
472,3,3
472,1,5
474,1,5
474,1,3
475,2,3
475,5,4
475,1,5
475,3,5
475,5,5
476,1,4
477,4,3
477,2,4
477,3,5
478,1,5
478,3,3
478,5,4
478,4,3
480,5,2
480,1,5
480,2,5
480,2,3
481,1,4
481,3,3
481,3,4
481,3,3
482,3,3
482,2,3
482,1,4
483,2,3
483,2,3
483,4,4
484,2,4
484,5,2
485,2,1
486,3,5
486,3,3
487,5,3
487,3,5
487,1,3
488,3,3
488,1,3
488,1,5
489,1,4
489,4,4
490,3,3
491,2,5
491,1,3
492,2,3
494,3,4
494,1,3
495,3,4
496,4,3
496,1,4
497,4,3
497,5,3
499,2,5
499,4,5
501,3,5
501,2,4
502,1,5
503,2,5
503,3,3
503,2,5
504,3,3
504,3,3
505,3,3
505,2,3
506,5,3
506,1,4
506,5,4
506,3,3
507,4,3
509,5,3
513,3,3
513,3,3
513,2,3
513,1,3
514,5,5
514,1,2
514,3,5
515,3,5
515,3,4
515,5,5
515,4,5
516,3,4
516,2,4
516,1,5
516,3,3
517,1,4
517,3,4
517,2,3
518,5,3
518,1,5
518,3,5
519,1,3
519,3,3
521,5,3
521,5,3
522,3,4
524,3,3
524,1,3
524,5,4
524,1,3
525,5,5
525,3,3
526,1,5
527,5,3
527,1,3
529,1,5
530,5,5
531,2,5
531,5,5
532,2,5
532,3,3
533,3,3
533,3,3
534,5,5
535,3,3
535,5,5
535,3,4
535,3,1
537,1,3
537,3,3
537,2,3
541,3,3
541,1,3
541,3,3
542,3,5
542,4,3
542,3,5
543,2,5
543,1,3
543,2,3
544,2,5
544,3,3
544,3,3
544,3,3
546,2,3
546,1,4
546,5,3
547,1,3
548,1,3
548,3,3
548,1,3
548,5,5
550,3,5
552,1,4
552,1,4
553,5,4
553,3,3
553,5,4
554,3,3
555,5,3
555,3,3
556,2,3
556,2,3
557,4,4
557,2,3
557,2,3
558,3,4
559,4,5
559,1,3
560,3,4
560,3,4
560,3,3
561,3,4
561,1,5
561,3,4
562,3,3
562,4,3
562,2,5
564,3,3
564,3,3
565,4,3
565,1,3
566,3,3
566,5,4
566,1,5
568,2,3
569,5,5
570,2,2
571,2,3
571,3,3
573,2,3
573,3,5
574,3,3
575,3,5
576,3,3
576,4,3
577,4,3
577,2,3
578,3,3
579,3,3
579,4,5
580,4,3
580,4,3
581,3,4
581,2,4
581,3,4
583,1,3
584,4,3
584,5,3
584,3,3
585,3,3
585,3,3
586,2,3
586,2,3
587,3,5
587,5,5
588,5,2
589,1,4
589,2,3
590,4,3
590,3,5
591,5,4
592,3,3
592,3,3
592,2,5
593,1,3
594,4,4
594,1,3
595,5,5
595,2,3
596,4,3
596,3,3
598,3,3
599,5,5
599,3,4
599,5,3
600,1,3
600,5,4
600,2,3
601,3,3
602,4,3
602,5,3
602,2,5
603,3,3
603,3,4
604,1,1
605,3,4
605,1,4
605,3,4
606,1,5
606,1,3
607,3,3
608,3,3
608,5,5
608,5,3
608,2,3
609,5,3
610,3,3
610,2,5
611,1,1
611,3,4
612,3,4
613,3,4
614,5,4
615,2,3
615,5,3
616,4,2
616,5,3
616,5,5
617,1,5
617,3,3
619,1,3
620,4,3
620,3,3
620,3,3
621,1,3
621,1,4
621,3,3
622,1,4
622,4,3
623,3,3
623,4,3
624,3,4
624,2,5
625,1,3
626,5,4
627,2,5
627,3,5
628,3,4
628,1,3
628,3,4
629,2,4
631,1,5
631,3,3
631,3,3
632,3,1
632,2,3
632,3,5
634,1,3
634,3,3
634,2,1
635,3,3
635,3,2
636,3,3
636,1,5
636,2,2
637,2,3
637,3,5
637,4,4
638,1,3
638,5,3
638,5,3
638,5,5
638,3,3
638,2,5
639,4,4
639,4,3
639,5,4
639,4,5
639,4,3
640,3,4
640,1,3
640,3,3
640,5,3
640,3,3
641,1,5
642,1,3
642,2,3
642,3,5
642,2,3
642,5,3
643,1,3
643,3,3
644,3,3
644,3,3
644,5,3
644,5,3
646,4,4
646,5,3
646,2,3
647,3,3
648,3,3
649,2,4
649,3,3
650,3,4
652,5,5
653,3,5
653,5,3
653,3,5
655,5,5
656,1,3
656,1,3
656,1,3
657,3,3
657,3,3
658,3,3
658,3,3
659,2,4
659,3,4
660,2,5
660,1,3
660,3,4
661,1,3
661,2,3
662,1,3
662,3,5
662,5,5
663,3,3
664,1,5
664,2,3
665,3,3
666,3,3
667,3,2
667,2,5
668,1,3
668,5,3
668,2,3
668,3,4
668,5,3
669,4,3
669,1,3
670,5,2
670,3,3
670,3,3
670,3,3
671,4,4
673,3,3
673,3,4
673,1,4
674,1,3
674,4,3
675,2,5
675,4,4
675,1,3
675,5,3
675,3,4
675,1,3
677,3,5
679,5,4
680,4,3
680,2,3
681,1,4
681,2,3
681,3,4
682,5,5
682,4,3
683,2,3
684,4,3
685,2,4
686,5,5
686,3,3
687,3,4
687,4,3
690,3,3
690,5,5
691,4,3
692,3,4
693,4,3
693,3,4
695,3,5
695,2,3
695,5,4
695,1,3
697,3,4
697,2,5
698,2,4
698,5,3
698,4,3
698,5,3
699,5,3
700,5,3
700,1,3
700,3,3
702,1,2
703,2,3
704,5,3
704,2,3
704,3,5
704,5,3
705,4,3
706,2,4
707,4,3
707,2,3
707,2,4
707,2,4
707,5,3
707,4,3
708,1,5
708,2,5
710,1,4
710,2,5
710,3,3
710,5,5
711,5,2
712,1,3
713,3,3
713,1,4
713,5,5
713,2,5
714,1,5
715,1,3
716,5,5
716,1,3
718,5,5
720,5,5
720,3,3
721,3,3
721,5,3
722,5,3
722,1,3
722,5,4
722,1,3
723,4,1
723,4,3
724,1,5
724,4,3
724,2,1
725,3,4
725,3,3
726,3,3
727,3,3
727,4,3
728,5,3
728,3,3
729,3,3
729,2,5
730,4,3
731,4,3
731,5,3
733,5,3
733,4,3
733,5,3
734,5,4
734,1,4
734,3,3
735,3,4
735,3,5
736,1,3
736,5,3
737,3,4
738,3,3
739,1,3
740,1,5
740,1,3
741,2,3
741,3,3
741,2,4
741,4,3
742,2,3
743,4,3
744,5,3
744,5,4
745,1,3
745,2,3
745,2,3
746,5,3
746,1,3
746,3,4
746,2,2
748,3,3
748,5,3
749,4,3
750,4,3
751,3,5
752,5,4
753,1,3
753,2,3
753,3,2
754,5,5
755,1,5
755,1,3
755,2,3
756,2,5
757,1,4
757,3,5
757,1,3
758,3,3
758,1,4
758,4,4
759,3,3
759,1,5
760,5,3
760,4,3
761,3,3
762,5,3
762,2,3
762,3,4
762,4,3
764,3,4
764,2,4
764,5,5
764,3,5
764,1,3
765,1,4
766,4,3
766,2,3
769,2,1
769,3,5
769,2,5
770,3,5
770,2,4
771,3,5
772,1,3
772,1,3
773,2,3
775,4,3
775,3,4
776,2,3
776,3,3
776,3,3
777,3,5
777,1,3
777,2,3
778,1,4
778,3,3
779,3,3
779,1,5
779,4,4
782,5,3
782,3,3
782,1,3
783,1,3
784,4,3
784,1,3
785,3,4
785,1,4
785,1,4
785,5,3
787,3,5
787,3,5
788,2,5
788,1,5
788,3,3
789,1,3
790,2,3
790,2,5
791,3,3
791,5,3
791,4,5
792,5,3
793,1,3
793,3,3
793,1,5
794,3,3
795,4,5
795,5,5
796,1,3
797,1,3
797,2,5
797,3,4
797,5,3
797,5,3
797,5,5
798,3,5
798,1,4
798,2,3
798,5,3
799,1,3
799,2,3
800,3,3
800,1,4
801,3,3
801,1,3
801,1,3
801,3,3
802,3,4
803,4,2
804,5,5
805,3,3
806,5,4
806,1,5
807,1,3
807,2,3
807,2,4
807,5,3
808,3,3
808,2,4
808,3,3
808,3,3
808,2,3
810,2,1
810,3,3
813,3,3
813,4,5
813,2,3
814,3,4
815,3,4
815,2,3
816,3,3
816,3,4
819,5,3
819,3,5
819,1,5
820,3,3
821,1,3
821,4,3
821,2,4
821,3,3
821,1,3
822,2,3
823,2,3
824,4,4
824,3,3
825,5,3
825,5,3
825,5,3
825,1,2
826,3,4
826,5,3
826,4,3
827,3,5
827,3,3
827,4,4
828,2,3
829,1,3
829,2,5
830,3,3
831,5,4
832,3,3
832,1,4
833,4,3
833,5,5
834,3,3
834,3,5
834,2,5
836,4,3
836,3,5
836,1,5
836,2,3
837,1,5
837,3,5
838,4,5
839,5,3
839,2,5
840,3,3
841,5,5
841,5,4
841,5,3
842,1,4
842,2,3
843,3,3
845,1,5
845,3,3
845,1,4
847,4,3
847,2,3
848,4,4
848,3,3
848,3,3
848,1,3
849,5,3
849,3,4
849,1,4
849,4,3
849,1,3
850,3,3
850,5,2
851,5,4
852,3,3
852,3,3
852,5,3
852,3,5
852,3,5
852,5,4
852,4,3
853,1,4
853,3,3
854,3,3
854,1,3
855,4,3
856,4,3
856,2,3
856,3,3
857,3,3
858,5,2
858,3,3
858,5,4
859,2,3
859,5,2
860,3,3
860,4,4
860,2,3
861,5,5
861,4,3
863,2,3
864,1,3
864,3,5
864,4,3
866,2,3
866,2,3
866,1,3
866,4,3
867,3,5
869,3,5
869,1,4
872,5,4
873,3,3
873,3,3
874,3,3
875,3,2
875,5,5
875,5,5
876,3,5
877,2,3
877,5,5
877,3,3
877,5,5
878,1,3
878,3,3
879,3,1
880,2,5
881,4,3
882,2,3
882,3,4
882,3,3
883,5,3
884,5,4
884,5,3
884,1,3
884,3,5
885,1,5
885,5,3
886,2,3
886,2,5
887,2,5
887,4,3
887,1,2
888,2,3
888,3,3
889,2,4
889,5,3
889,2,4
889,3,3
889,2,3
889,2,5
890,1,3
890,2,4
891,3,5
891,3,5
891,5,3
893,1,3
893,2,5
894,1,3
895,4,3
895,2,2
895,1,3
898,4,3
898,4,3
898,3,3
900,4,4
900,3,4
900,5,3
901,3,1
903,4,3
903,2,4
904,5,5
904,1,3
904,1,4
905,3,3
905,4,3
907,5,3
908,1,3
908,2,4
908,4,2
909,2,3
909,3,3
909,1,3
909,2,5
910,2,5
910,1,3
910,5,3
911,1,4
911,4,3
912,5,5
913,5,3
914,3,3
916,1,5
916,1,3
916,3,5
917,3,3
917,3,5
917,1,3
917,3,3
918,2,3
918,2,3
919,2,3
919,3,3
920,4,3
921,4,3
921,5,2
922,2,3
923,3,3
923,2,3
923,3,3
923,3,4
923,3,3
923,1,4
924,4,3
924,3,3
924,1,5
924,2,5
925,2,5
925,4,4
925,2,3
925,1,4
925,2,3
925,4,3
927,3,5
927,3,3
927,3,5
927,2,1
928,2,3
929,1,3
929,3,3
929,1,3
929,4,3
930,5,3
931,3,3
932,5,2
932,2,4
932,5,2
932,3,3
933,1,4
934,1,5
934,1,3
935,3,5
935,5,5
936,1,3
936,1,5
936,5,3
936,3,3
936,5,5
938,3,3
939,5,4
940,3,4
941,1,3
941,1,3
942,3,4
943,1,3
943,3,3
943,3,3
945,2,3
945,4,5
946,4,5
946,4,3
946,1,3
946,1,3
947,3,4
947,4,3
947,5,5
948,5,3
948,1,5
949,1,3
949,3,3
950,1,3
950,1,3
952,2,5
952,3,3
953,2,3
953,1,4
954,2,3
954,3,3
954,4,5
955,3,5
955,1,3
955,3,3
955,3,5
956,5,4
957,4,3
957,3,3
957,1,5
958,3,5
961,2,3
961,3,3
961,5,3
962,3,5
962,4,4
963,3,3
963,3,3
964,2,3
964,4,5
965,3,3
965,5,4
965,5,4
967,1,4
968,3,3
968,1,3
968,5,3
969,1,3
970,1,5
970,5,3
970,1,1
970,5,4
971,1,3
971,2,3
972,5,5
972,2,3
975,2,3
976,2,3
977,1,5
978,5,3
978,1,3
979,1,3
979,3,5
980,4,3
980,3,3
980,5,4
981,3,3
983,2,4
985,1,3
985,2,3
985,3,3
987,5,3
987,3,3
987,5,2
988,5,3
989,3,4
989,5,3
989,2,2
990,5,5
992,3,3
992,4,5
994,1,3
994,3,3
994,1,4
995,3,3
996,3,4
996,1,4
997,5,5
997,4,2
998,1,1
998,3,4
998,2,4
998,2,3
1000,3,4
1000,2,4
1001,3,3
1001,1,3
1002,3,3
1002,2,3
1002,1,3
1003,2,3
1003,3,3
1004,3,3
1005,3,3
1006,1,3
1007,2,5
1007,2,4
1007,5,3
1008,1,3
1012,2,3
1012,4,3
1012,1,5
1013,3,3
1013,2,3
1014,5,4
1014,2,3
1014,3,4
1016,2,4
1016,2,4
1016,2,3
1016,2,4
1017,1,5
1017,4,3
1018,2,4
1019,3,3
1019,3,3
1019,5,3
1019,2,5
1020,1,5
1020,4,3
1021,1,3
1021,3,3
1022,2,3
1023,5,3
1023,5,4
1023,3,3
1023,1,3
1023,3,2
1024,3,3
1025,4,2
1025,5,4
1025,2,3
1026,5,2
1026,5,3
1026,1,3
1027,3,3
1028,1,4
1028,2,3
1028,1,5
1029,3,4
1030,5,4
1030,4,4
1031,3,4
1031,5,3
1031,2,5
1031,5,3
1031,3,5
1032,5,4
1034,5,4
1034,2,3
1036,5,4
1036,5,3
1036,3,3
1038,2,5
1038,5,5
1039,1,4
1041,1,5
1041,2,3
1042,1,3
1043,3,3
1043,5,3
1043,1,3
1043,4,3
1044,1,3
1044,5,5
1045,4,3
1045,1,5
1046,3,5
1047,2,5
1048,2,3
1048,1,3
1051,1,5
1051,4,4
1053,5,5
1053,2,4
1053,1,3
1054,2,5
1054,1,3
1054,1,4
1054,2,3
1055,2,3
1055,5,3
1056,2,4
1056,5,4
1056,2,3
1057,3,5
1058,2,5
1059,5,3
1059,3,5
1060,4,4
1060,5,3
1060,3,3
1060,3,3
1061,5,2
1062,3,4
1063,3,3
1063,2,4
1063,4,5
1064,2,4
1065,1,3
1066,1,4
1066,3,3
1067,3,3
1068,3,3
1069,5,5
1069,1,3
1070,1,3
1071,3,3
1072,2,3
1073,2,3
1073,1,4
1073,2,1
1074,3,3
1074,1,4
1074,4,3
1074,1,3
1074,3,4
1074,1,3
1075,5,4
1075,1,4
1078,3,5
1079,3,3
1079,3,4
1079,3,5
1079,4,4
1079,3,3
1080,2,3
1081,3,5
1081,3,3
1081,5,3
1082,4,3
1082,5,4
1083,2,3
1083,1,3
1083,3,5
1083,5,4
1083,2,1
1083,2,3
1084,1,5
1084,4,4
1085,5,3
1085,5,3
1086,5,4
1087,1,3
1088,5,3
1089,4,3
1089,3,4
1089,2,3
1089,4,3
1092,3,3
1093,3,3
1093,3,5
1094,3,3
1094,3,5
1095,1,3
1096,4,5
1096,1,4
1096,5,3
1096,3,4
1097,5,3
1097,3,5
1097,3,3
1098,1,4
1100,4,3
1101,1,4
1101,3,3
1101,3,3
1101,3,3
1102,2,3
1103,5,3
1103,5,5
1103,5,1
1105,2,3
1105,1,5
1106,3,5
1107,4,4
1107,2,3
1107,5,3
1107,5,5
1108,3,3
1108,4,3
1108,5,3
1108,2,4
1108,1,4
1108,2,3
1109,1,4
1110,3,4
1110,1,2
1111,1,4
1111,3,4
1111,3,5
1112,3,3
1112,3,3
1113,4,3
1113,5,4
1114,4,3
1114,3,5
1114,3,3
1114,3,5
1114,5,2
1114,2,5
1116,3,3
1116,1,3
1116,1,3
1117,4,3
1117,5,5
1117,3,3
1118,4,3
1119,2,3
1120,3,3
1120,1,5
1121,1,3
1122,5,5
1122,5,5
1123,2,3
1123,1,3
1125,1,3
1125,3,5
1126,3,3
1126,4,3
1126,3,3
1126,3,3
1127,5,3
1128,3,3
1128,2,5
1128,4,5
1129,1,3
1130,3,3
1130,2,4
1133,1,3
1133,4,3
1133,2,3
1135,1,5
1136,2,5
1137,3,4
1137,3,5
1137,4,3
1137,1,3
1138,2,4
1138,3,3
1139,3,3
1139,4,3
1139,2,5
1140,3,3
1141,3,3
1141,1,3
1141,2,4
1141,5,3
1142,1,3
1142,4,5
1142,2,2
1143,4,3
1143,5,3
1143,3,4
1144,3,3
1144,3,4
1145,5,3
1145,3,4
1145,4,5
1145,3,3
1145,4,3
1145,5,4
1147,2,3
1147,3,5
1149,2,3
1151,5,5
1151,1,3
1152,3,4
1153,3,3
1153,5,5
1153,1,4
1153,3,3
1154,5,3
1154,2,3
1155,1,5
1155,3,5
1155,2,3
1155,3,5
1155,1,3
1156,3,3
1156,3,5
1157,5,3
1157,2,3
1159,4,2
1159,3,3
1159,1,3
1159,1,3
1160,3,5
1161,3,3
1161,5,2
1161,3,3
1161,4,3
1161,2,3
1161,5,5
1162,3,4
1162,5,2
1163,4,3
1164,3,3
1164,1,3
1164,5,3
1165,4,3
1165,3,3
1166,3,4
1166,3,3
1167,1,3
1167,1,3
1168,4,4
1168,3,3
1168,1,3
1168,4,3
1168,3,3
1169,3,3
1169,3,3
1170,3,3
1170,3,4
1172,4,3
1172,3,3
1173,1,3
1174,2,3
1175,2,5
1177,3,3
1177,5,3
1177,3,3
1178,1,3
1179,3,3
1179,2,3
1179,3,3
1179,1,5
1180,1,3
1180,5,5
1181,1,3
1181,4,3
1181,4,3
1182,2,4
1182,3,3
1182,3,3
1183,3,4
1183,1,3
1183,3,5
1183,2,4
1184,4,5
1184,2,3
1184,2,3
1184,3,3
1185,2,3
1186,1,5
1187,3,3
1187,1,3
1187,3,5
1187,5,4
1188,3,3
1188,4,3
1188,1,4
1188,1,3
1188,3,3
1190,3,3
1191,2,3
1191,1,3
1191,5,3
1192,1,3
1192,2,4
1192,5,3
1192,3,5
1193,3,3
1193,3,3
1194,3,5
1195,3,3
1196,2,3
1197,4,5
1197,5,3
1198,5,4
1198,3,4
1199,2,5
1201,3,3
1203,1,3
1203,4,3
1204,5,5
1204,2,3
1205,3,3
1205,4,3
1205,4,3
1206,1,2
1206,2,4
1207,3,5
1207,1,5
1208,2,4
1208,3,3
1209,1,3
1209,1,3
1210,1,4
1210,1,3
1210,1,3
1211,3,3
1211,5,3
1211,3,4
1212,1,5
1213,3,3
1214,1,4
1214,3,5
1214,3,3
1215,3,3
1215,4,5
1216,2,1
1217,3,3
1217,5,3
1218,2,3
1219,4,3
1220,1,3
1221,1,3
1221,4,4
1223,2,3
1224,1,5
1224,4,3
1224,3,3
1225,5,3
1226,3,5
1227,5,4
1227,4,4
1227,3,4
1228,1,3
1228,2,5
1228,5,5
1228,3,5
1229,3,4
1229,2,4
1229,3,3
1230,1,3
1230,5,3
1232,1,5
1232,4,5
1232,1,3
1234,2,3
1234,3,3
1234,3,3
1234,2,4
1235,2,3
1235,3,3
1237,3,3
1237,3,4
1238,3,3
1238,4,3
1239,1,3
1239,3,1
1240,5,3
1241,5,4
1242,1,3
1242,1,4
1243,5,3
1244,1,3
1245,2,5
1245,2,3
1245,3,5
1245,5,3
1246,3,4
1246,3,3
1246,4,3
1247,2,4
1247,3,1
1247,3,4
1248,4,5
1250,3,4
1250,1,4
1251,2,4
1252,1,3
1252,4,3
1253,3,3
1254,1,4
1254,1,3
1255,1,3
1255,3,4
1257,4,4
1258,4,4
1258,1,4
1259,1,4
1259,4,3
1259,4,3
1259,1,4
1259,3,5
1259,1,5
1260,1,3
1261,2,3
1261,1,3
1262,3,3
1262,1,3
1263,3,3
1263,1,3
1264,3,3
1264,5,3
1265,3,3
1267,5,4
1270,2,4
1271,3,4
1271,3,5
1271,3,5
1271,3,3
1272,3,4
1273,1,3
1273,3,3
1273,1,3
1274,3,3
1274,3,4
1274,3,5
1275,1,5
1276,5,4
1276,2,5
1277,3,4
1277,4,5
1278,1,3
1278,2,3
1278,2,3
1278,5,4
1278,1,5
1280,3,2
1281,1,3
1282,1,3
1282,3,3
1282,1,3
1283,1,4
1283,5,3
1284,5,3
1284,2,4
1284,1,4
1285,2,3
1285,2,3
1286,1,2
1286,3,3
1286,5,4
1287,3,3
1287,3,5
1287,4,3
1287,5,5
1288,5,3
1289,3,3
1289,3,3
1289,2,3
1290,1,3
1290,2,4
1291,2,3
1291,5,5
1294,3,4
1295,3,3
1295,4,2
1296,3,4
1296,5,4
1296,4,5
1297,2,3
1298,3,3
1298,2,3
1298,4,3
1299,1,3
1299,3,3
1300,5,5
1300,5,3
1300,1,3
1300,3,3
1301,3,3
1301,3,5
1302,3,3
1302,3,5
1302,4,4
1303,1,4
1304,3,3
1305,3,3
1305,3,4
1305,1,5
1306,3,3
1306,3,3
1306,1,3
1307,4,3
1307,5,3
1308,3,3
1308,5,3
1308,3,3
1309,1,5
1309,2,3
1310,3,3
1310,5,3
1311,1,4
1312,2,4
1312,2,3
1312,2,4
1313,5,2
1316,3,3
1317,3,5
1317,3,3
1318,5,3
1319,1,3
1319,1,3
1319,2,3
1322,4,3
1322,2,3
1322,3,4
1323,1,3
1324,3,3
1325,1,3
1325,5,3
1325,3,3
1326,5,5
1326,3,3
1327,1,3
1327,5,4
1328,5,3
1329,5,4
1329,3,3
1331,1,3
1331,4,4
1331,1,3
1331,3,3
1332,1,3
1332,3,3
1332,3,2
1332,2,3
1333,5,4
1333,1,3
1333,2,3
1334,2,5
1334,2,3
1334,3,3
1335,3,5
1335,4,5
1337,3,5
1337,3,5
1338,1,3
1338,3,3
1339,5,5
1339,3,3
1340,1,4
1340,1,3
1342,3,4
1342,5,3
1343,5,3
1343,2,5
1344,3,3
1344,5,3
1344,1,3
1344,3,3
1345,3,4
1345,5,3
1345,3,4
1346,4,3
1346,3,3
1346,3,3
1346,3,5
1347,3,3
1347,4,3
1347,3,3
1348,3,4
1348,1,3
1348,1,3
1348,5,5
1349,5,3
1349,3,3
1349,5,5
1349,2,4
1350,1,3
1351,3,3
1351,2,3
1351,4,2
1351,5,5
1351,2,5
1352,5,3
1353,1,3
1353,1,4
1354,3,4
1354,3,5
1355,3,3
1356,3,3
1357,4,3
1358,5,5
1358,4,3
1359,2,3
1359,3,3
1360,1,5
1360,4,4
1360,5,4
1360,1,4
1360,3,3
1361,4,3
1361,1,3
1361,2,3
1361,2,3
1363,4,3
1363,1,5
1363,3,3
1364,3,4
1364,2,3
1365,2,5
1366,3,3
1366,2,4
1366,4,5
1367,3,3
1367,2,3
1367,1,3
1368,1,4
1369,3,4
1369,1,3
1370,5,3
1370,4,2
1371,3,4
1371,5,3
1371,1,3
1371,4,5
1372,3,4
1372,4,1
1372,5,3
1373,5,3
1374,3,4
1375,5,5
1375,3,3
1377,1,3
1378,4,5
1379,5,3
1379,3,3
1380,2,3
1382,2,1
1382,1,5
1382,1,5
1382,4,3
1382,3,4
1383,3,3
1383,1,4
1383,4,3
1383,4,5
1383,3,3
1385,2,3
1385,5,3
1385,1,5
1385,3,4
1385,3,3
1386,3,3
1386,3,5
1388,2,4
1388,5,4
1389,5,3
1389,5,5
1390,3,3
1391,4,3
1392,5,5
1392,2,5
1392,3,3
1394,3,2
1395,5,5
1396,4,3
1396,5,3
1397,3,4
1398,3,3
1400,1,4
1401,5,3
1402,1,5
1402,3,3
1403,3,3
1403,3,5
1403,5,2
1404,4,3
1404,5,5
1404,1,3
1404,1,3
1405,2,4
1405,5,3
1405,2,3
1405,3,3
1406,3,3
1408,3,3
1408,1,3
1408,1,5
1408,3,3
1409,5,3
1409,3,5
1409,3,3
1411,3,3
1412,3,3
1412,2,5
1413,1,1
1413,3,2
1414,1,5
1414,4,3
1415,2,3
1416,3,3
1416,3,3
1416,3,3
1418,5,3
1418,3,4
1419,3,3
1419,3,2
1419,1,3
1420,4,4
1420,2,2
1420,4,3
1420,3,3
1421,3,5
1422,3,3
1422,2,3
1422,3,3
1423,1,5
1424,3,3
1424,3,3
1424,5,4
1424,3,3
1424,5,3
1425,2,3
1425,1,3
1426,3,3
1427,1,3
1428,5,5
1429,2,3
1429,3,3
1430,1,3
1430,5,3
1430,3,3
1431,5,4
1431,5,5
1431,1,4
1431,2,4
1432,1,3
1432,1,3
1432,2,5
1432,4,3
1432,3,4
1433,3,3
1433,1,3
1434,4,3
1434,1,3
1436,2,4
1437,5,3
1437,1,3
1438,3,3
1438,3,2
1439,3,3
1440,4,4
1441,1,5
1442,3,3
1444,4,3
1445,2,3
1446,3,3
1446,3,3
1446,2,5
1447,1,4
1447,1,3
1447,3,3
1447,5,5
1448,3,5
1448,3,4
1448,1,3
1449,1,3
1450,1,4
1450,1,3
1450,4,3
1451,3,4
1451,1,3
1451,5,3
1451,4,3
1452,1,4
1452,3,3
1454,5,3
1454,1,4
1455,3,3
1455,3,3
1456,3,3
1457,2,4
1457,4,3
1457,2,3
1458,5,3
1458,4,3
1459,3,3
1459,2,3
1459,2,4
1460,3,3
1460,3,3
1461,5,3
1462,1,5
1462,5,3
1462,2,5
1464,3,3
1464,1,3
1465,2,3
1465,3,3
1465,3,3
1467,1,4
1468,3,3
1469,1,3
1470,1,5
1471,5,3
1472,2,5
1472,1,3
1472,3,3
1473,5,5
1473,4,3
1474,3,3
1475,4,5
1475,2,3
1477,3,3
1477,5,5
1477,1,4
1477,2,3
1477,2,3
1477,3,4
1477,1,3
1478,2,3
1478,1,4
1479,3,2
1479,3,3
1481,2,4
1481,4,4
1482,3,3
1482,3,4
1482,3,3
1482,3,3
1485,2,5
1485,1,3
1485,3,1
1487,2,3
1487,1,4
1487,1,1
1488,5,3
1488,2,3
1488,3,3
1489,3,3
1489,3,4
1490,5,3
1490,3,4
1491,3,5
1492,5,3
1492,4,4
1492,5,5
1493,3,3
1493,3,3
1495,4,4
1496,1,3
1497,4,5
1497,1,3
1497,3,4
1497,3,3
1497,1,5
1497,3,3
1497,1,3
1498,1,5
1498,1,3
1499,1,3
1499,2,3
1499,2,5
1500,1,3
1500,3,5
1500,1,3
1500,1,5
1501,3,3
1502,5,3
1503,3,3
1504,3,3
1504,2,3
1505,2,3
1506,2,4
1506,3,4
1507,2,3
1507,5,5
1507,1,5
1508,4,3
1508,3,2
1510,3,5
1511,3,3
1511,2,1
1513,3,3
1514,1,4
1515,1,3
1516,1,2
1516,1,3
1518,4,5
1518,1,5
1520,5,5
1521,4,3
1522,3,5
1522,1,5
1522,3,3
1523,3,3
1523,3,3
1524,1,5
1524,4,5
1525,3,4
1525,1,4
1526,3,3
1526,3,4
1526,5,3
1527,3,4
1527,5,3
1528,3,3
1528,1,3
1528,2,3
1528,1,5
1529,3,3
1529,3,3
1530,2,2
1531,5,1
1531,1,4
1531,2,3
1533,1,5
1534,2,5
1536,2,3
1536,5,5
1537,3,4
1541,1,3
1542,1,2
1542,3,5
1543,5,5
1543,2,3
1544,2,3
1545,3,4
1545,3,4
1546,3,5
1546,5,4
1546,1,3
1547,3,4
1547,3,3
1549,3,3
1550,1,3
1550,2,2
1551,1,2
1553,2,4
1553,3,5
1553,3,3
1554,3,4
1554,5,5
1554,2,5
1555,4,4
1555,3,4
1555,2,3
1556,3,4
1557,5,3
1557,3,2
1557,5,4
1558,4,5
1558,3,3
1558,3,5
1559,4,5
1559,3,3
1560,4,5
1560,5,3
1560,5,4
1560,1,3
1562,1,3
1563,1,3
1563,3,3
1563,1,3
1563,5,2
1564,2,3
1565,3,1
1565,2,3
1566,3,3
1567,3,3
1567,5,3
1568,3,4
1568,3,5
1569,3,3
1570,1,3
1570,3,3
1571,5,4
1571,1,3
1571,5,5
1571,4,5
1572,2,5
1572,3,2
1572,3,4
1573,5,3
1573,3,3
1573,1,5
1575,5,3
1575,4,5
1575,5,3
1576,5,3
1576,4,4
1576,3,4
1577,2,3
1579,3,5
1580,3,4
1580,3,3
1581,2,4
1581,5,3
1582,4,5
1582,3,3
1583,5,3
1583,3,4
1583,5,3
1583,1,3
1584,3,3
1584,3,3
1584,2,3
1584,4,4
1585,4,3
1585,3,3
1586,3,3
1586,1,4
1587,3,5
1587,5,3
1587,5,5
1589,4,3
1591,5,3
1591,3,5
1592,4,4
1593,5,5
1593,1,3
1594,3,3
1594,2,4
1594,4,2
1594,3,3
1595,5,4
1595,3,3
1596,3,5
1597,1,5
1597,2,3
1597,1,3
1600,2,4
1600,3,4
1601,3,4
1602,5,4
1602,3,5
1602,5,3
1602,1,3
1602,5,3
1603,3,3
1606,3,3
1606,4,5
1606,2,3
1608,1,3
1608,3,4
1609,3,5
1609,2,3
1609,3,5
1610,3,3
1610,3,5
1610,3,3
1611,5,5
1611,1,4
1612,3,3
1613,5,4
1614,1,4
1614,1,3
1615,5,3
1615,3,3
1615,3,3
1615,3,4
1615,5,4
1615,3,3
1615,2,3
1616,3,3
1616,3,3
1617,3,5
1617,3,3
1617,2,4
1618,3,3
1618,3,3
1618,3,5
1618,3,4
1619,3,4
1619,1,3
1620,3,3
1621,1,3
1621,2,1
1622,2,5
1622,4,2
1622,3,4
1622,3,3
1623,1,5
1625,3,4
1625,3,3
1625,5,3
1625,3,3
1626,5,5
1626,5,3
1627,5,3
1627,3,3
1627,2,3
1628,2,4
1629,5,3
1629,5,5
1629,3,5
1630,3,2
1631,5,1
1632,3,4
1633,3,5
1634,5,5
1634,3,3
1635,2,3
1636,1,3
1636,3,5
1638,2,4
1639,3,3
1639,3,3
1640,5,5
1641,3,3
1641,3,2
1641,4,4
1642,3,3
1642,3,3
1642,3,1
1643,2,4
1643,2,4
1643,5,4
1643,1,4
1644,3,3
1644,3,3
1645,1,3
1645,3,4
1645,5,4
1646,3,3
1647,3,3
1647,3,3
1647,5,3
1647,3,4
1648,4,3
1648,2,4
1649,1,3
1650,5,3
1651,2,4
1651,1,4
1652,2,3
1652,5,3
1652,2,3
1653,1,3
1655,3,5
1655,3,3
1655,5,3
1657,3,4
1657,5,3
1658,5,3
1658,5,3
1658,5,4
1658,1,3
1658,5,3
1658,3,3
1659,5,3
1659,5,5
1660,2,3
1661,4,3
1662,1,3
1662,4,3
1662,2,3
1663,3,3
1663,5,3
1663,2,3
1664,1,3
1664,3,4
1665,2,3
1666,3,3
1666,4,3
1667,3,3
1667,3,4
1668,3,4
1670,4,3
1671,3,5
1671,3,3
1672,4,3
1672,2,5
1672,4,3
1672,5,5
1672,1,3
1673,5,4
1673,3,4
1673,3,3
1675,1,3
1675,3,3
1675,2,3
1675,5,3
1676,3,3
1676,2,5
1676,1,3
1676,5,5
1677,2,4
1677,5,3
1677,4,3
1677,2,5
1677,2,3
1678,4,3
1678,1,4
1680,3,4
1680,4,5
1681,3,3
1681,2,3
1681,1,2
1682,5,3
1682,3,5
1683,4,3
1684,3,3
1684,5,4
1686,3,4
1686,1,4
1686,2,3
1688,3,3
1688,5,2
1689,1,3
1690,1,4
1690,4,3
1690,5,5
1691,1,3
1692,3,3
1692,5,3
1692,5,3
1693,5,3
1693,5,4
1694,2,5
1694,5,4
1694,2,3
1695,3,5
1695,3,5
1695,1,3
1695,4,4
1695,1,3
1696,5,4
1696,5,3
1696,1,4
1696,3,5
1697,4,5
1697,2,3
1697,2,3
1698,1,4
1699,3,4
1699,2,3
1699,2,4
1699,1,3
1699,1,3
1699,5,3
1699,1,3
1699,1,3
1699,1,4
1700,2,3
1700,5,3
1701,3,2
1703,2,3
1704,4,4
1704,1,4
1704,2,4
1705,1,3
1705,4,3
1705,2,3
1706,3,5
1708,1,4
1708,2,3
1708,3,3
1709,2,3
1709,5,4
1709,1,3
1710,5,4
1710,3,4
1711,1,3
1711,5,3
1712,3,5
1713,3,3
1714,5,2
1714,3,3
1715,3,4
1715,3,3
1715,1,3
1716,3,3
1717,1,4
1717,5,3
1718,5,5
1719,4,3
1719,5,4
1720,4,3
1720,1,4
1721,5,3
1722,1,4
1722,5,1
1722,3,3
1722,5,5
1722,3,3
1723,2,3
1723,3,3
1723,3,4
1723,1,3
1725,4,3
1726,2,3
1726,3,3
1727,4,4
1727,3,3
1727,5,5
1727,2,3
1728,1,4
1728,5,3
1729,3,3
1729,3,3
1729,5,3
1731,4,3
1731,4,5
1731,1,4
1731,1,3
1731,3,5
1732,3,3
1732,5,5
1732,1,3
1733,3,3
1733,2,3
1733,1,5
1733,4,3
1733,4,5
1733,3,3
1734,5,3
1734,3,3
1734,3,3
1735,1,3
1736,3,5
1737,1,3
1737,3,3
1737,1,3
1738,4,3
1738,3,3
1738,3,4
1738,2,4
1739,1,3
1740,4,3
1740,2,5
1740,1,4
1742,5,3
1743,1,5
1743,5,3
1743,1,4
1744,1,3
1744,3,3
1745,1,3
1745,3,3
1746,5,3
1746,3,4
1747,1,3
1747,3,3
1748,2,2
1748,1,3
1749,1,3
1749,3,3
1749,1,3
1754,2,4
1754,1,3
1754,3,4
1754,5,3
1755,4,3
1755,2,4
1755,3,3
1756,5,4
1757,2,5
1758,2,5
1760,5,4
1760,1,3
1762,3,3
1763,4,4
1763,1,3
1764,4,4
1764,3,3
1764,3,3
1765,3,3
1765,2,3
1765,3,3
1765,1,3
1766,3,3
1768,3,3
1768,1,3
1768,3,3
1768,4,5
1768,3,5
1768,3,3
1769,3,5
1769,2,4
1769,3,3
1770,1,5
1771,2,4
1771,2,3
1771,3,4
1771,5,3
1771,1,3
1772,3,3
1772,5,4
1772,3,3
1774,3,3
1775,3,3
1775,3,3
1776,3,3
1777,4,2
1777,2,4
1778,3,4
1779,2,3
1779,1,3
1781,2,3
1782,5,3
1783,1,3
1784,1,3
1784,3,3
1785,1,3
1786,5,3
1787,3,3
1787,3,2
1788,5,4
1788,5,3
1788,2,5
1790,1,4
1792,1,3
1792,2,3
1792,1,3
1792,1,5
1794,3,3
1794,1,4
1795,3,3
1795,1,3
1795,4,5
1795,3,4
1795,3,3
1796,4,3
1796,1,4
1796,5,1
1796,4,4
1796,3,3
1796,1,3
1796,5,3
1797,1,4
1798,5,3
1798,5,4
1798,3,3
1798,1,3
1798,2,1
1798,1,4
1799,5,3
1799,4,5
1800,1,1
1800,2,3
1800,4,3
1801,3,3
1802,1,3
1802,3,3
1804,3,4
1804,3,3
1805,2,3
1806,1,3
1807,4,4
1807,1,5
1807,3,3
1809,1,5
1809,3,5
1809,3,3
1810,2,3
1810,4,4
1810,3,3
1810,3,3
1810,3,3
1811,4,3
1812,4,5
1812,1,3
1812,1,5
1813,4,3
1814,2,3
1815,3,3
1815,5,3
1815,4,4
1815,3,4
1815,3,5
1816,3,5
1816,3,3
1816,3,3
1817,2,4
1818,4,5
1819,3,4
1820,5,3
1820,3,4
1820,3,3
1821,3,3
1821,2,3
1821,2,3
1821,1,4
1822,4,3
1823,2,3
1823,4,4
1823,1,5
1825,3,5
1826,2,3
1827,2,3
1827,2,2
1827,1,5
1827,3,3
1827,5,4
1827,2,3
1828,1,5
1829,2,4
1829,5,3
1829,5,3
1831,5,4
1831,2,4
1832,3,3
1832,4,3
1833,3,3
1833,3,5
1833,1,3
1834,3,5
1834,2,4
1837,2,3
1837,3,3
1838,1,2
1839,1,4
1840,2,5
1840,3,3
1840,4,4
1841,3,5
1841,5,3
1841,2,3
1842,5,3
1842,5,4
1842,3,3
1843,2,3
1844,3,4
1844,3,5
1845,2,3
1845,5,5
1846,5,4
1846,3,5
1847,3,3
1847,3,4
1847,3,5
1847,3,3
1848,4,3
1848,2,3
1848,4,4
1848,1,3
1848,2,4
1848,3,3
1849,1,4
1849,5,4
1849,5,3
1849,1,4
1849,5,3
1850,1,5
1851,3,3
1851,3,4
1851,3,3
1851,5,5
1852,3,3
1853,3,4
1853,1,4
1854,3,3
1854,2,4
1854,4,5
1855,4,5
1856,3,5
1856,4,3
1857,5,4
1857,3,3
1857,2,3
1857,2,3
1857,3,5
1859,3,3
1859,1,3
1860,3,2
1861,5,3
1861,3,2
1861,3,3
1861,3,3
1862,5,3
1863,5,3
1864,1,3
1866,1,3
1866,3,4
1867,3,3
1867,2,3
1867,3,3
1868,1,3
1868,1,4
1868,3,5
1868,3,4
1870,3,3
1870,3,4
1871,2,3
1872,4,4
1872,1,3
1873,4,3
1874,5,2
1874,3,4
1874,2,3
1874,4,3
1875,4,3
1875,3,3
1875,3,3
1876,5,3
1876,5,4
1876,3,5
1877,2,3
1878,5,3
1878,5,2
1878,3,3
1878,5,3
1879,2,3
1880,3,5
1881,3,5
1884,5,5
1885,3,5
1885,1,4
1886,1,5
1887,2,3
1888,2,3
1888,3,5
1889,4,5
1890,5,4
1890,3,3
1890,3,5
1890,4,3
1891,2,3
1891,2,5
1891,3,3
1892,3,3
1892,3,3
1894,2,1
1895,1,4
1896,3,3
1896,2,4
1897,3,4
1897,2,3
1899,2,1
1900,4,3
1901,3,3
1901,3,4
1902,5,3
1902,4,3
1902,5,4
1904,3,3
1904,1,3
1905,2,3
1905,2,3
1905,3,5
1906,5,2
1906,3,4
1906,5,3
1907,4,4
1909,5,5
1909,1,3
1909,3,5
1910,5,3
1910,3,5
1911,1,3
1911,5,4
1912,1,3
1912,3,3
1912,1,4
1913,3,4
1914,2,3
1915,3,5
1915,3,3
1915,3,3
1915,3,4
1916,2,4
1916,1,5
1916,3,3
1916,1,4
1916,3,3
1917,2,3
1917,3,5
1917,3,3
1917,5,3
1918,1,3
1919,5,4
1920,3,3
1921,3,4
1921,3,5
1921,5,4
1921,3,3
1921,3,3
1922,2,3
1922,5,3
1923,1,3
1924,2,3
1924,3,4
1925,5,5
1925,3,4
1925,1,3
1925,1,4
1926,3,3
1926,1,3
1926,5,4
1927,5,5
1927,5,3
1929,3,3
1929,5,3
1930,3,3
1932,2,3
1932,1,3
1932,3,3
1933,1,3
1933,3,3
1933,3,3
1934,2,2
1934,1,3
1934,4,3
1935,2,3
1938,3,5
1938,5,3
1938,2,3
1939,1,3
1939,2,5
1940,3,2
1940,1,3
1940,2,3
1942,5,3
1943,3,5
1943,1,2
1943,1,3
1943,1,5
1943,1,5
1946,3,3
1947,3,3
1947,3,3
1947,3,4
1948,3,5
1948,4,3
1949,5,3
1949,4,5
1950,3,3
1950,2,3
1951,1,3
1951,4,4
1951,3,5
1952,1,5
1952,5,3
1953,3,3
1954,4,3
1954,3,4
1955,1,5
1956,4,5
1957,2,3
1958,1,4
1958,3,5
1959,3,1
1960,1,3
1960,3,3
1960,3,3
1961,3,3
1961,1,4
1961,3,3
1962,2,4
1963,5,3
1963,1,4
1963,1,3
1964,3,3
1965,2,5
1967,1,3
1967,5,4
1967,5,3
1968,5,3
1969,5,3
1969,3,4
1970,3,2
1970,4,3
1970,2,5
1971,5,4
1971,4,3
1973,5,4
1973,3,5
1975,5,3
1976,2,3
1977,1,3
1978,1,3
1978,3,3
1980,1,3
1981,3,3
1981,3,3
1982,2,3
1982,3,4
1983,3,5
1983,5,3
1983,5,3
1984,3,3
1984,3,3
1984,2,5
1984,5,3
1986,3,4
1986,3,3
1986,2,5
1987,1,5
1988,1,3
1989,5,5
1990,5,3
1990,1,3
1991,3,3
1991,5,5
1992,3,5
1993,5,4
1993,3,4
1993,1,3
1993,1,4
1994,3,5
1994,2,4
1994,1,3
1994,2,3
1994,1,3
1995,1,3
1995,3,3
1995,5,4
1996,1,3
1996,1,4
1996,2,4
1997,1,3
1997,5,3
1997,2,3
1997,1,5
1998,2,3
1999,2,3
1999,5,4
2000,1,3
2000,5,5
2000,3,3
2001,1,4
2001,5,4
2001,3,3
2002,3,3
2003,2,4
2003,4,3
2003,3,3
2006,2,5
2006,3,5
2008,1,3
2009,2,3
2010,3,3
2011,1,5
2013,5,5
2013,4,4
2014,5,4
2014,2,3
2016,2,3
2017,3,4
2017,3,3
2018,5,3
2018,1,4
2018,3,3
2019,5,3
2019,2,4
2021,2,3
2022,1,3
2022,3,3
2022,4,3
2024,3,4
2024,1,5
2024,3,3
2025,1,4
2025,2,3
2026,1,4
2026,2,3
2026,3,3
2027,2,5
2028,1,4
2029,3,4
2029,3,3
2029,3,4
2029,3,3
2029,5,5
2029,1,3
2029,5,3
2031,2,3
2031,2,4
2032,3,3
2033,2,3
2033,4,3
2033,3,3
2033,5,4
2035,3,5
2035,3,3
2035,4,3
2035,2,3
2036,3,3
2036,3,4
2037,3,4
2038,3,5
2038,3,5
2040,5,3
2040,4,4
2040,4,4
2041,1,3
2041,3,3
2042,3,1
2043,3,3
2044,3,3
2045,3,5
2045,2,4
2046,4,3
2046,3,3
2047,3,3
2047,3,5
2048,3,3
2048,4,4
2048,3,5
2049,2,5
2049,3,4
2049,1,3
2049,1,3
2049,1,5
2050,4,3
2050,3,4
2051,3,3
2051,4,2
2051,5,4
2051,2,5
2051,1,3
2051,1,4
2052,1,3
2053,3,5
2053,3,3
2053,4,3
2055,4,3
2055,5,5
2057,1,3
2057,4,5
2058,1,3
2058,1,4
2059,3,3
2060,1,3
2060,3,3
2060,2,3
2061,3,2
2061,2,5
2062,2,3
2062,1,3
2065,4,3
2065,1,5
2066,5,3
2066,2,4
2066,1,3
2066,5,3
2067,2,3
2067,2,3
2068,1,4
2068,3,3
2068,2,3
2069,4,3
2070,5,4
2070,3,3
2071,3,5
2072,2,3
2072,5,3
2072,1,3
2072,1,5
2072,1,3
2073,3,5
2073,4,5
2073,1,3
2073,1,3
2073,2,3
2074,5,4
2074,3,3
2074,5,3
2075,5,5
2076,1,4
2076,2,5
2076,1,4
2077,5,3
2077,1,5
2077,3,4
2078,3,3
2078,3,3
2080,3,4
2083,3,5
2083,5,3
2084,4,3
2086,2,3
2086,3,3
2087,3,4
2087,4,3
2090,2,3
2090,3,3
2091,3,3
2091,2,3
2092,2,3
2093,1,5
2093,3,4
2094,3,3
2094,3,3
2094,4,5
2094,1,4
2098,3,4
2098,3,3
2099,2,3
2099,2,3
2099,3,3
2100,4,4
2100,4,3
2100,3,4
2100,2,5
2101,4,3
2101,2,3
2103,1,4
2103,4,4
2104,2,5
2105,5,4
2105,1,3
2105,3,3
2105,3,5
2106,5,3
2106,4,4
2106,5,5
2106,3,3
2106,3,3
2107,2,3
2107,2,5
2108,1,5
2109,3,5
2110,1,3
2110,1,3
2110,5,3
2111,3,5
2111,5,5
2112,1,3
2114,3,5
2114,5,3
2114,5,5
2114,5,3
2115,1,3
2116,3,5
2117,3,5
2117,3,3
2117,5,3
2119,3,4
2119,5,4
2120,4,3
2122,2,5
2122,3,3
2123,4,3
2124,5,3
2125,2,4
2125,1,4
2125,1,4
2125,3,4
2126,2,3
2126,2,4
2126,2,3
2128,3,4
2129,3,3
2129,3,3
2129,3,5
2130,3,3
2130,2,4
2130,3,3
2132,3,4
2132,3,3
2132,4,3
2133,2,4
2133,2,3
2134,2,5
2134,3,5
2134,5,5
2135,1,5
2135,1,3
2136,1,3
2137,1,3
2137,3,3
2138,1,5
2139,1,3
2140,2,3
2140,1,3
2143,1,3
2143,5,3
2143,2,3
2143,5,2
2146,4,5
2146,3,4
2146,1,3
2146,5,3
2147,5,4
2147,2,3
2147,4,4
2148,5,3
2148,4,4
2150,1,4
2150,5,3
2150,2,3
2150,2,3
2150,3,4
2151,3,3
2151,3,3
2152,5,5
2154,3,4
2155,3,3
2155,2,3
2156,3,3
2156,1,4
2156,3,3
2158,3,3
2159,1,3
2160,3,5
2160,3,3
2161,3,3
2161,2,5
2161,3,4
2162,3,5
2162,5,4
2162,2,5
2162,1,3
2162,3,5
2162,5,3
2164,3,3
2164,3,4
2164,1,3
2164,4,3
2165,5,2
2167,1,4
2167,1,4
2167,3,3
2168,5,4
2168,3,3
2168,1,3
2169,4,5
2171,3,3
2174,3,3
2174,5,5
2174,3,5
2174,3,5
2174,2,3
2174,4,3
2174,3,3
2175,1,3
2175,5,5
2176,5,3
2176,5,3
2177,1,4
2177,3,3
2178,3,3
2178,3,3
2178,4,3
2178,1,3
2179,3,3
2179,3,3
2179,2,3
2179,4,3
2180,3,3
2181,3,3
2181,4,4
2182,1,4
2182,1,3
2183,4,3
2184,3,3
2184,3,5
2184,2,3
2186,4,5
2187,4,3
2188,3,5
2188,3,3
2188,3,5
2189,2,4
2190,2,3
2190,1,3
2190,1,4
2190,5,3
2190,3,3
2192,3,5
2193,1,3
2193,4,3
2194,3,5
2195,2,3
2195,3,4
2196,4,4
2197,1,5
2197,1,3
2197,5,3
2197,5,3
2198,4,5
2199,1,3
2201,3,3
2201,3,5
2201,2,3
2201,1,3
2202,5,4
2202,1,5
2202,1,3
2203,2,3
2203,2,3
2203,4,2
2203,3,4
2204,2,5
2205,3,3
2206,3,5
2207,3,3
2207,5,5
2208,1,4
2209,5,3
2209,3,3
2209,1,3
2210,3,3
2210,3,5
2210,1,4
2210,1,4
2211,1,5
2211,1,3
2211,1,5
2211,1,3
2211,3,3
2211,2,4
2211,3,3
2211,1,3
2212,1,3
2212,5,3
2213,5,3
2213,5,3
2214,3,3
2216,2,3
2216,3,5
2219,1,5
2219,3,3
2221,4,3
2222,3,3
2223,5,3
2224,2,5
2225,1,3
2226,1,3
2226,4,3
2226,3,5
2227,3,5
2227,4,3
2228,4,3
2229,1,3
2229,3,3
2230,4,3
2231,1,3
2231,3,3
2232,2,3
2233,4,4
2233,1,5
2235,3,3
2235,5,5
2236,2,3
2236,1,4
2236,1,2
2236,3,5
2236,3,5
2237,5,3
2237,3,3
2237,5,3
2238,2,3
2238,5,3
2238,2,5
2239,1,4
2240,3,3
2240,5,3
2241,5,3
2241,3,4
2242,4,3
2242,2,3
2242,3,3
2242,1,3
2243,3,5
2243,1,4
2243,5,3
2244,3,5
2244,3,3
2244,3,4
2245,5,3
2245,3,3
2245,2,4
2245,1,3
2246,3,3
2247,4,1
2247,2,3
2248,2,3
2248,2,3
2248,2,3
2249,5,3
2250,1,3
2250,3,5
2252,1,3
2252,5,3
2252,5,4
2253,3,5
2254,3,4
2255,2,3
2255,3,3
2256,4,3
2257,1,3
2257,2,3
2257,1,4
2257,4,3
2258,1,5
2258,3,5
2258,1,3
2259,4,5
2259,5,3
2260,5,5
2260,3,4
2260,3,5
2261,2,3
2261,3,3
2262,2,3
2262,1,3
2262,5,4
2262,5,3
2262,3,4
2265,2,3
2265,4,3
2266,3,4
2268,3,3
2269,3,3
2269,5,5
2269,1,5
2269,1,3
2269,5,3
2270,5,5
2270,5,3
2270,5,3
2270,3,3
2271,5,4
2272,2,3
2272,5,3
2273,1,3
2273,3,3
2274,3,3
2274,3,3
2275,1,3
2275,5,3
2277,2,3
2277,3,3
2277,5,1
2278,1,3
2278,3,3
2278,5,5
2279,3,3
2279,2,3
2280,3,4
2281,2,4
2281,5,3
2281,3,5
2282,2,4
2282,3,5
2282,5,3
2283,3,4
2283,4,4
2283,2,3
2283,5,3
2284,3,3
2284,1,3
2284,3,3
2287,2,5
2287,5,3
2287,3,3
2287,1,4
2289,5,3
2289,3,3
2290,1,3
2292,1,3
2293,1,4
2293,1,4
2294,5,3
2294,3,4
2295,5,5
2295,2,5
2296,3,3
2296,1,4
2296,2,3
2297,5,5
2298,3,3
2298,4,5
2299,1,3
2299,4,3
2299,3,3
2299,3,5
2300,1,4
2300,5,3
2301,2,3
2301,3,3
2301,1,4
2301,4,4
2301,1,3
2301,1,3
2302,2,3
2302,3,3
2303,4,3
2303,3,4
2304,3,4
2304,5,5
2304,3,3
2304,3,3
2305,1,3
2305,2,3
2305,1,3
2306,3,3
2307,5,3
2307,2,5
2309,5,3
2310,5,4
2311,4,3
2315,1,4
2316,1,3
2317,3,3
2317,1,3
2317,4,5
2317,4,3
2318,3,5
2318,5,4
2318,2,5
2318,5,1
2318,5,4
2318,3,3
2319,3,4
2320,2,3
2322,5,3
2323,1,3
2323,1,4
2324,1,4
2325,3,3
2325,3,3
2327,1,3
2327,1,5
2328,4,4
2330,2,3
2330,2,2
2331,5,5
2332,3,3
2332,2,3
2333,2,3
2334,5,3
2334,2,4
2334,1,3
2335,3,3
2336,1,5
2336,1,3
2336,3,3
2336,3,3
2337,2,3
2337,3,5
2337,2,4
2338,4,4
2338,2,5
2340,4,3
2341,4,3
2342,1,3
2343,3,5
2345,1,5
2345,1,4
2346,1,4
2347,5,5
2347,1,4
2348,5,4
2350,3,4
2352,3,5
2353,1,4
2353,3,4
2353,3,4
2354,2,5
2355,5,3
2355,3,3
2356,2,3
2356,4,3
2358,3,4
2359,1,3
2359,4,5
2359,3,3
2359,2,5
2359,3,3
2360,3,2
2360,5,3
2361,3,3
2361,5,3
2361,3,4
2362,1,3
2362,1,3
2363,3,1
2364,5,3
2365,3,3
2365,3,5
2368,2,4
2368,1,4
2369,3,5
2369,2,4
2369,3,4
2369,5,5
2370,3,3
2370,1,5
2372,3,3
2372,3,3
2372,5,2
2375,2,3
2375,5,5
2376,3,3
2377,1,3
2378,2,3
2378,4,3
2379,5,2
2380,4,3
2380,5,3
2381,3,5
2382,3,3
2382,1,3
2382,1,4
2383,4,3
2383,1,4
2383,3,5
2384,1,3
2384,1,3
2385,1,4
2385,5,3
2385,2,3
2386,2,4
2386,1,3
2388,2,3
2390,3,4
2390,1,3
2390,1,3
2390,3,3
2391,3,4
2391,2,3
2392,1,3
2392,3,3
2392,3,5
2393,3,3
2393,5,3
2393,4,3
2394,4,3
2394,3,3
2395,2,3
2395,3,5
2396,1,3
2396,2,3
2396,3,2
2397,1,3
2398,5,3
2398,1,3
2399,1,3
2399,2,3
2401,2,3
2404,3,4
2404,1,3
2404,3,3
2406,1,3
2406,3,3
2406,1,3
2407,4,5
2408,1,3
2408,3,5
2409,5,2
2409,3,3
2409,1,4
2410,4,3
2411,3,2
2412,4,5
2412,3,3
2414,4,3
2415,2,3
2415,3,3
2416,3,4
2417,2,3
2417,2,3
2418,2,4
2419,3,3
2420,5,5
2420,2,3
2422,5,5
2422,3,4
2422,3,5
2423,3,3
2423,5,5
2424,3,3
2424,5,4
2425,5,4
2425,1,5
2426,1,3
2427,5,3
2428,5,3
2428,2,5
2428,5,3
2428,1,3
2430,3,5
2430,5,4
2430,3,3
2431,2,3
2431,4,3
2431,2,3
2431,3,5
2432,5,3
2432,3,3
2434,3,3
2434,3,3
2434,3,3
2434,3,4
2435,3,3
2436,4,5
2436,3,3
2438,3,5
2438,1,5
2438,3,4
2439,3,5
2440,5,2
2440,5,3
2440,3,3
2440,5,4
2441,3,3
2442,2,3
2443,2,3
2443,2,3
2444,5,5
2444,2,3
2447,5,3
2447,3,3
2448,3,3
2448,5,5
2448,4,3
2448,1,4
2448,5,3
2448,3,3
2449,1,5
2450,5,3
2451,3,4
2452,2,4
2452,5,3
2452,1,4
2453,1,3
2453,3,5
2454,2,5
2455,3,3
2455,2,3
2455,3,3
2455,1,3
2455,5,3
2456,2,3
2456,1,5
2457,5,3
2458,1,3
2458,2,3
2459,4,4
2460,2,3
2460,1,3
2460,3,3
2461,3,5
2463,3,3
2463,1,4
2464,2,5
2464,2,3
2465,1,3
2465,1,3
2465,2,5
2465,4,3
2465,5,3
2465,1,5
2466,3,3
2467,3,4
2468,3,5
2468,5,5
2469,2,4
2471,5,2
2473,1,3
2474,5,4
2474,3,3
2474,3,4
2475,2,3
2476,2,3
2476,3,4
2476,2,2
2477,2,3
2477,1,3
2477,2,3
2477,3,3
2478,5,5
2478,1,3
2478,1,3
2478,2,2
2478,3,3
2478,3,5
2479,3,3
2479,2,3
2480,1,3
2480,3,3
2481,2,3
2482,3,4
2482,5,3
2482,5,4
2483,3,4
2485,1,3
2485,3,3
2485,4,4
2485,3,5
2486,3,3
2486,1,3
2486,3,4
2487,2,3
2487,5,5
2488,2,3
2488,4,3
2489,3,3
2489,3,3
2490,1,3
2490,5,4
2491,1,5
2491,3,3
2491,3,5
2492,1,5
2492,1,3
2492,1,3
2493,3,3
2494,4,4
2494,2,5
2495,3,3
2495,3,4
2496,3,4
2496,4,3
2496,1,4
2498,1,2
2500,4,3
2500,2,3
2500,1,4
2501,2,3
2501,3,5
2503,1,5
2503,5,4
2503,1,3
2503,3,4
2504,1,5
2505,4,5
2506,3,3
2507,2,3
2508,3,5
2508,3,5
2509,2,3
2511,3,3
2511,3,3
2512,1,4
2513,4,4
2513,3,5
2514,2,3
2514,5,4
2516,3,2
2516,3,3
2516,5,3
2516,3,4
2517,1,3
2517,4,3
2518,2,3
2519,5,3
2520,4,3
2521,2,3
2522,5,3
2523,3,4
2523,5,5
2523,1,3
2525,4,3
2526,3,3
2526,3,3
2526,3,4
2527,3,4
2527,2,5
2528,1,3
2529,4,4
2529,5,3
2529,3,5
2531,5,3
2533,2,2
2533,5,3
2533,1,3
2534,1,3
2535,3,3
2535,1,4
2535,2,2
2536,1,4
2538,1,3
2538,2,3
2538,3,3
2539,3,3
2540,4,4
2540,5,4
2540,3,3
2541,4,3
2542,2,4
2542,1,3
2543,1,3
2543,3,5
2544,1,3
2544,5,5
2545,5,5
2545,3,3
2546,2,3
2548,5,3
2548,2,5
2548,3,3
2548,5,4
2549,1,3
2550,3,3
2550,3,3
2551,3,3
2552,3,3
2553,1,3
2554,3,3
2554,2,3
2555,2,4
2555,2,3
2556,1,3
2556,2,4
2556,3,3
2557,4,3
2557,5,3
2558,5,3
2558,3,3
2559,2,5
2559,2,3
2560,2,4
2561,3,3
2561,5,3
2562,3,3
2562,5,5
2563,1,4
2563,5,3
2564,3,3
2565,3,5
2565,2,3
2565,5,4
2565,3,3
2565,4,3
2566,4,3
2567,2,4
2568,3,3
2568,2,4
2568,1,3
2568,5,3
2570,3,4
2570,3,4
2570,2,3
2571,5,4
2571,1,4
2571,5,1
2572,2,3
2572,5,3
2573,3,5
2573,3,3
2573,3,3
2573,3,5
2574,1,3
2575,1,5
2576,2,3
2577,3,3
2577,3,4
2578,2,3
2578,5,3
2578,3,3
2579,1,3
2579,3,4
2579,1,3
2579,1,3
2580,5,5
2580,3,5
2580,2,5
2580,3,3
2580,3,3
2580,4,5
2580,3,3
2581,4,3
2581,5,3
2582,1,3
2582,2,3
2582,3,4
2582,5,3
2583,5,2
2584,4,2
2584,2,5
2584,4,3
2584,4,4
2584,3,5
2585,4,3
2585,3,3
2586,4,5
2586,2,3
2587,5,3
2587,5,5
2587,3,3
2587,1,3
2587,3,3
2588,1,5
2588,2,4
2589,3,3
2589,1,3
2589,1,3
2590,3,3
2590,3,3
2591,3,4
2591,2,3
2591,4,3
2592,1,3
2592,3,3
2593,4,4
2594,1,4
2596,3,3
2596,5,3
2597,4,5
2598,2,2
2598,3,3
2598,3,3
2599,3,4
2600,5,5
2601,3,4
2601,3,3
2601,3,4
2601,5,4
2602,1,3
2602,4,4
2603,4,3
2603,5,3
2604,3,3
2604,3,5
2605,3,3
2605,1,4
2606,4,3
2606,4,3
2607,3,3
2607,2,3
2607,1,5
2608,2,4
2608,5,5
2610,3,4
2611,3,5
2611,5,4
2612,2,5
2612,5,3
2613,5,4
2613,2,5
2614,3,4
2614,4,4
2615,4,5
2615,3,3
2615,4,3
2615,1,3
2616,1,3
2616,3,3
2616,1,5
2617,1,3
2617,4,4
2617,3,2
2619,1,3
2620,5,3
2620,5,5
2621,2,3
2621,5,3
2621,1,3
2622,3,3
2622,2,3
2622,1,3
2622,5,4
2623,4,3
2623,3,3
2624,3,3
2624,5,4
2624,1,4
2624,3,3
2625,1,3
2626,2,3
2626,4,3
2626,2,3
2626,3,4
2627,4,3
2628,3,3
2628,3,5
2629,3,4
2629,3,3
2629,5,3
2630,2,3
2631,3,3
2632,2,3
2632,2,3
2632,4,5
2633,5,3
2633,1,3
2633,1,2
2633,1,4
2633,1,5
2633,2,3
2634,4,4
2635,1,4
2636,4,3
2636,5,3
2636,2,3
2636,2,3
2638,4,3
2638,3,5
2638,3,4
2639,2,3
2640,5,5
2640,2,3
2641,3,3
2641,3,3
2643,3,3
2644,2,4
2644,3,3
2646,2,5
2646,3,3
2647,5,4
2647,3,3
2647,1,4
2648,5,3
2648,3,3
2649,4,3
2650,3,3
2650,1,3
2650,3,3
2651,3,3
2652,2,5
2652,3,3
2652,1,3
2654,1,3
2655,1,3
2655,5,5
2655,1,3
2656,3,4
2656,1,3
2656,3,3
2658,3,5
2658,3,5
2659,2,5
2660,3,3
2660,4,3
2661,2,2
2661,2,3
2661,3,3
2663,5,3
2664,5,4
2664,3,3
2664,5,3
2665,5,3
2665,2,3
2666,3,3
2666,1,3
2666,1,3
2667,1,3
2667,3,3
2668,2,3
2668,5,4
2668,4,3
2669,3,5
2670,3,3
2670,2,3
2671,5,3
2671,3,4
2671,3,3
2673,5,2
2673,1,3
2674,3,2
2674,4,4
2674,3,3
2674,1,3
2674,2,3
2675,3,4
2675,5,5
2675,3,4
2676,3,3
2676,4,3
2676,3,3
2678,2,3
2678,4,3
2679,4,4
2679,3,3
2679,4,3
2679,3,3
2680,2,5
2680,3,4
2680,2,4
2680,3,5
2680,3,3
2680,4,5
2681,5,3
2681,5,5
2681,3,3
2682,2,4
2683,3,4
2684,3,3
2684,3,3
2684,3,3
2684,2,1
2685,3,4
2685,3,3
2685,1,5
2685,5,3
2686,1,3
2686,4,5
2687,3,3
2687,5,3
2689,2,5
2690,1,5
2690,2,3
2690,5,3
2692,1,3
2692,5,3
2692,2,2
2693,5,4
2693,2,4
2694,2,4
2694,3,2
2695,5,3
2695,5,3
2695,5,3
2696,3,4
2696,5,3
2697,4,5
2697,1,5
2698,3,4
2698,2,3
2699,2,3
2699,4,3
2699,4,3
2700,3,4
2700,4,3
2700,3,4
2700,1,3
2700,5,3
2701,2,3
2703,4,3
2703,5,3
2703,4,3
2706,5,3
2706,5,3
2706,3,3
2708,2,3
2708,1,3
2709,5,5
2709,5,3
2709,1,3
2709,4,3
2709,1,3
2709,4,3
2710,3,3
2710,3,3
2711,1,4
2711,3,4
2711,5,3
2712,4,3
2712,3,3
2713,2,2
2713,1,5
2713,4,3
2713,2,3
2715,3,4
2715,2,3
2715,2,3
2715,3,3
2716,2,3
2716,3,3
2716,3,3
2716,1,3
2716,3,3
2717,1,3
2717,3,3
2717,1,5
2718,3,3
2719,3,3
2719,1,3
2719,3,3
2720,4,3
2721,1,4
2723,4,3
2724,3,5
2724,2,3
2724,4,5
2725,1,3
2726,1,3
2727,5,4
2728,5,4
2728,5,2
2730,3,3
2731,5,4
2731,3,5
2731,3,5
2732,5,3
2732,1,3
2732,3,5
2733,4,3
2734,2,3
2734,2,2
2735,1,4
2736,3,5
2736,3,4
2736,1,3
2737,5,3
2739,3,5
2740,2,4
2741,3,3
2742,5,5
2744,3,3
2744,3,3
2746,2,3
2746,3,3
2747,2,3
2748,1,3
2748,4,4
2748,2,3
2749,3,3
2749,3,2
2750,1,4
2751,5,4
2753,1,3
2753,1,3
2753,3,5
2753,3,5
2754,3,4
2754,3,3
2755,2,3
2757,5,5
2757,4,3
2757,5,3
2758,3,3
2759,5,3
2760,3,2
2760,3,5
2761,3,5
2761,3,4
2762,4,3
2762,3,3
2762,4,3
2763,2,3
2763,3,4
2764,3,5
2765,3,3
2765,2,4
2765,2,3
2767,4,4
2768,3,3
2768,2,3
2768,3,3
2768,3,5
2768,4,4
2768,3,2
2768,3,5
2769,3,3
2769,1,3
2769,3,4
2770,5,3
2771,3,3
2772,1,3
2772,3,5
2773,4,3
2774,5,3
2774,5,4
2774,4,3
2774,1,5
2775,5,5
2776,3,3
2777,3,4
2777,1,3
2778,1,4
2778,5,3
2778,3,3
2779,5,4
2779,3,3
2780,1,3
2780,3,4
2780,4,3
2780,2,3
2781,3,4
2783,2,4
2784,5,3
2784,1,3
2784,1,5
2785,3,3
2785,4,3
2786,3,5
2786,5,5
2786,3,5
2787,3,5
2788,3,4
2790,2,3
2791,5,5
2792,3,3
2793,5,4
2793,3,5
2794,1,3
2794,3,4
2795,1,3
2795,2,3
2796,2,4
2796,1,4
2798,4,5
2799,1,3
2799,3,4
2799,5,3
2800,2,3
2800,3,3
2800,3,3
2800,1,3
2801,2,3
2801,3,3
2801,5,3
2801,5,3
2801,1,3
2804,2,4
2804,3,3
2804,1,3
2805,3,3
2805,3,3
2805,5,3
2807,4,3
2807,1,4
2807,1,4
2807,5,3
2808,3,4
2808,5,3
2808,5,4
2809,5,3
2809,1,5
2810,3,3
2811,5,5
2811,2,5
2811,1,5
2811,5,3
2811,1,4
2812,3,3
2813,5,3
2813,2,5
2813,2,3
2813,2,3
2814,1,3
2816,3,3
2816,3,3
2816,5,3
2816,1,3
2817,3,3
2817,3,4
2818,4,4
2818,2,3
2818,3,3
2819,1,3
2820,3,3
2820,5,3
2820,1,3
2820,1,3
2821,4,3
2821,5,3
2821,2,5
2821,3,3
2821,2,4
2822,5,5
2822,1,3
2823,5,3
2824,2,4
2824,2,5
2825,3,5
2825,2,4
2826,5,3
2826,1,5
2826,2,4
2827,3,3
2827,3,3
2827,3,4
2828,4,3
2828,2,3
2829,2,5
2829,3,4
2829,5,4
2829,3,4
2829,1,4
2830,1,4
2831,1,5
2831,3,1
2833,3,5
2834,5,3
2834,2,4
2835,3,3
2836,3,3
2836,5,3
2836,3,4
2836,5,3
2837,3,4
2837,4,3
2838,3,4
2838,4,3
2838,4,3
2838,3,3
2838,1,2
2839,5,3
2839,4,5
2841,2,2
2841,1,3
2843,3,3
2843,1,3
2843,2,5
2844,5,3
2844,1,1
2844,4,3
2845,4,4
2845,2,4
2846,1,3
2847,3,3
2847,2,3
2847,4,3
2848,1,3
2848,1,3
2848,1,4
2849,5,3
2850,1,4
2851,2,3
2851,2,4
2852,3,3
2852,1,3
2854,3,3
2855,3,4
2855,3,5
2855,3,3
2855,3,3
2855,4,3
2857,5,3
2858,5,3
2859,1,3
2860,5,4
2860,5,4
2861,1,3
2862,3,3
2862,1,3
2863,3,3
2864,5,4
2865,3,3
2866,3,4
2867,1,3
2868,3,3
2869,3,3
2869,4,3
2870,5,4
2870,3,5
2871,1,3
2871,5,3
2871,3,4
2871,1,5
2871,5,3
2872,3,4
2873,4,3
2873,3,5
2874,2,3
2875,2,4
2876,3,5
2876,1,3
2878,2,3
2881,3,3
2881,1,5
2881,3,3
2883,3,4
2884,4,4
2886,3,4
2886,3,3
2886,5,3
2886,5,5
2886,1,3
2887,1,5
2887,5,5
2888,4,3
2888,3,3
2888,3,3
2890,3,3
2890,2,3
2892,1,3
2894,5,3
2895,5,3
2895,5,3
2895,1,3
2895,2,3
2896,3,2
2896,3,5
2896,3,4
2896,2,4
2896,1,3
2897,3,3
2897,3,5
2898,4,3
2899,3,3
2902,3,3
2902,3,4
2903,1,3
2905,5,4
2905,3,3
2905,3,5
2906,2,4
2906,3,3
2906,1,3
2906,5,3
2907,2,3
2907,2,4
2907,1,3
2907,3,3
2907,5,3
2908,4,3
2908,5,5
2910,4,5
2910,5,3
2910,2,3
2910,3,5
2911,1,3
2911,1,3
2912,3,5
2913,2,3
2914,3,5
2916,3,3
2917,1,4
2917,2,3
2917,3,3
2917,2,3
2918,2,3
2918,1,3
2918,1,3
2918,1,4
2919,3,3
2919,1,3
2919,3,3
2919,1,3
2919,5,5
2919,4,3
2920,2,4
2921,2,3
2922,3,3
2922,4,3
2923,1,3
2923,5,4
2923,3,5
2923,3,3
2924,3,4
2925,1,3
2926,3,5
2926,5,3
2926,3,4
2926,3,3
2927,5,4
2928,3,3
2929,2,3
2929,5,3
2930,2,4
2931,3,4
2931,2,3
2932,3,5
2932,3,4
2932,3,5
2933,3,3
2936,1,3
2936,3,4
2938,4,4
2938,4,3
2938,5,5
2938,3,5
2938,3,3
2939,5,3
2940,5,3
2942,3,4
2944,1,4
2946,3,3
2947,3,3
2950,5,5
2951,5,3
2951,3,3
2951,3,3
2952,3,2
2953,2,2
2953,5,3
2953,5,3
2953,4,2
2954,2,3
2955,2,3
2955,1,4
2955,3,3
2956,3,3
2957,2,3
2957,4,3
2959,3,4
2959,3,3
2960,5,3
2960,3,5
2960,3,3
2960,3,3
2961,4,3
2961,5,3
2961,3,5
2961,1,3
2962,2,5
2962,5,4
2963,3,1
2963,5,3
2964,2,3
2964,1,3
2964,5,4
2965,1,3
2965,1,4
2965,3,4
2966,2,3
2966,5,3
2967,5,3
2967,3,3
2967,1,3
2968,3,3
2968,1,3
2968,3,4
2969,1,5
2970,3,3
2970,4,3
2970,3,3
2970,2,3
2971,3,3
2971,2,3
2971,5,3
2972,1,3
2972,4,4
2973,3,4
2973,3,4
2974,1,3
2974,3,4
2974,3,3
2975,5,3
2976,2,3
2976,1,3
2977,3,3
2978,5,3
2978,5,3
2979,5,5
2981,3,4
2981,5,3
2982,3,3
2982,3,5
2983,1,5
2984,5,3
2984,5,3
2985,5,4
2985,3,3
2986,5,5
2986,5,3
2986,3,3
2987,5,4
2988,1,4
2989,3,3
2989,2,4
2989,5,3
2990,1,4
2990,1,4
2990,2,3
2990,1,4
2991,3,3
2991,5,4
2991,2,4
2992,3,3
2992,1,4
2992,1,3
2993,3,4
2993,2,5
2993,3,4
2993,2,3
2994,3,5
2995,3,3
2995,1,4
2996,4,5
2998,3,3
2998,1,5
2998,3,3
2999,4,1
3000,5,3
3000,1,5
3001,3,4
3002,1,3
3003,3,3
3003,1,3
3003,1,3
3003,1,3
3003,3,3
3004,5,3
3005,3,3
3006,5,2
3007,3,5
3007,3,4
3007,1,3
3007,2,3
3007,2,4
3007,5,3
3007,3,3
3008,2,3
3008,5,3
3008,1,3
3009,5,3
3009,2,3
3009,3,2
3009,2,3
3010,2,3
3010,1,3
3012,5,3
3013,4,3
3013,1,4
3014,4,3
3014,2,1
3014,3,3
3015,1,3
3016,5,3
3016,3,3
3016,5,4
3016,2,3
3017,3,3
3017,3,3
3017,5,3
3017,2,5
3017,4,5
3018,3,3
3018,5,4
3019,1,3
3019,2,3
3019,1,4
3020,3,4
3020,1,5
3020,3,1
3020,5,3
3020,1,4
3021,2,4
3021,1,3
3022,3,2
3022,3,3
3022,5,3
3022,3,3
3024,3,2
3024,3,5
3025,2,5
3026,3,3
3027,3,4
3027,1,4
3027,5,3
3028,5,5
3028,1,5
3029,3,5
3029,1,5
3029,2,3
3029,2,3
3030,5,3
3031,3,3
3032,5,3
3032,2,3
3034,2,5
3034,3,3
3035,5,3
3035,3,5
3036,1,2
3037,4,4
3037,2,3
3037,3,3
3037,2,5
3039,3,3
3039,3,3
3039,5,4
3039,3,3
3039,3,3
3039,2,5
3040,1,3
3040,2,3
3040,4,3
3041,2,3
3041,2,3
3041,4,3
3042,1,4
3043,5,5
3043,3,4
3043,1,3
3043,5,4
3044,3,3
3044,1,3
3044,3,5
3046,3,5
3046,1,3
3047,3,3
3047,5,4
3047,3,3
3048,5,3
3049,2,3
3049,2,4
3049,2,3
3049,3,3
3050,4,3
3051,5,3
3053,3,3
3054,4,4
3056,5,5
3056,1,3
3057,3,5
3058,3,3
3060,3,4
3060,1,3
3060,5,4
3061,2,3
3061,3,4
3061,3,4
3062,3,3
3063,5,3
3063,3,4
3064,4,4
3064,2,4
3064,3,5
3064,2,4
3065,3,4
3065,4,3
3065,3,3
3065,1,5
3065,5,3
3066,4,3
3067,4,3
3067,5,5
3069,4,3
3069,3,3
3069,3,3
3069,2,5
3070,1,5
3070,1,3
3071,2,3
3071,3,3
3071,5,3
3071,3,3
3072,5,4
3072,2,4
3073,3,4
3073,5,4
3073,5,4
3073,1,3
3074,1,4
3075,2,5
3075,1,3
3075,1,3
3076,3,3
3076,1,4
3076,5,3
3076,2,3
3076,5,4
3076,3,3
3076,3,3
3077,3,3
3077,5,5
3077,5,3
3077,4,3
3077,3,3
3077,5,5
3080,3,3
3080,1,5
3080,3,2
3081,3,5
3081,1,4
3082,4,3
3082,3,5
3082,1,3
3083,4,4
3083,3,3
3084,3,3
3084,3,4
3084,2,3
3085,3,3
3086,3,3
3088,4,5
3088,2,4
3089,5,4
3089,3,5
3090,4,3
3090,3,4
3090,2,5
3091,1,3
3091,5,3
3092,4,3
3094,5,4
3094,5,3
3095,3,5
3096,4,3
3097,1,5
3097,4,3
3097,5,3
3097,3,2
3098,4,4
3098,4,3
3099,1,3
3099,1,5
3100,2,5
3100,2,3
3101,4,3
3102,3,4
3102,5,3
3102,2,3
3102,5,4
3103,5,2
3103,3,5
3104,1,5
3105,1,3
3105,5,4
3106,3,3
3107,1,3
3107,3,3
3109,5,3
3112,4,3
3113,3,3
3113,3,5
3114,5,5
3114,1,3
3114,3,3
3114,3,3
3115,3,3
3115,1,4
3117,3,4
3118,3,5
3118,5,5
3119,4,5
3120,5,1
3121,1,4
3123,3,4
3123,3,3
3123,2,5
3123,3,4
3124,5,3
3124,3,5
3125,2,3
3126,1,4
3126,4,4
3127,1,4
3127,2,3
3127,1,3
3128,2,5
3128,1,3
3129,2,3
3130,1,4
3131,5,3
3131,1,3
3132,3,3
3132,3,5
3133,1,3
3133,2,4
3134,3,4
3134,3,3
3134,3,3
3135,3,3
3135,4,3
3137,4,3
3137,3,4
3139,2,2
3139,3,3
3141,3,5
3141,5,3
3142,1,4
3142,3,3
3143,1,3
3143,3,3
3143,5,4
3145,5,5
3146,2,3
3146,2,3
3147,3,3
3147,4,3
3147,3,2
3148,4,3
3149,4,4
3149,3,3
3149,2,3
3150,1,4
3151,2,3
3151,3,3
3151,1,3
3152,3,3
3152,3,4
3152,3,3
3152,5,5
3153,3,2
3154,2,3
3154,5,4
3154,5,3
3155,3,5
3155,3,3
3155,1,1
3155,1,3
3156,3,3
3156,1,3
3157,4,3
3158,1,4
3158,3,3
3158,1,3
3158,2,5
3158,3,5
3158,2,4
3159,4,3
3159,3,3
3160,3,3
3160,4,3
3161,3,3
3161,3,4
3162,1,5
3162,2,4
3162,3,3
3164,2,5
3164,3,3
3165,4,5
3165,3,4
3165,1,3
3165,5,2
3166,4,4
3166,3,5
3167,3,4
3168,4,4
3168,5,3
3169,4,3
3169,4,3
3169,1,3
3169,5,5
3171,3,3
3171,2,3
3171,2,5
3171,2,4
3171,5,3
3172,3,2
3173,3,3
3173,2,3
3175,2,5
3175,3,3
3175,4,5
3176,3,5
3176,2,3
3177,1,3
3177,5,5
3178,5,2
3178,2,4
3178,5,3
3178,5,3
3178,2,3
3178,3,3
3178,3,3
3180,4,3
3180,2,5
3180,2,3
3182,2,3
3182,3,3
3182,5,3
3182,3,5
3183,3,3
3184,5,5
3184,1,3
3185,1,4
3185,5,3
3185,2,3
3185,1,4
3185,5,4
3187,2,3
3187,4,3
3187,4,3
3187,5,4
3188,4,4
3188,3,3
3188,1,3
3189,3,3
3189,3,4
3189,1,3
3189,3,3
3189,3,3
3191,1,4
3192,1,3
3192,1,5
3193,1,3
3194,2,5
3194,2,4
3194,3,4
3195,1,2
3195,4,2
3195,3,3
3195,2,3
3196,5,3
3196,3,4
3197,4,3
3197,1,3
3198,3,3
3198,3,3
3198,1,3
3198,3,3
3198,3,4
3199,3,4
3199,3,3
3199,3,3
3200,2,3
3200,3,5
3201,5,3
3201,5,3
3201,3,5
3202,2,5
3202,3,4
3204,2,3
3205,5,3
3206,5,4
3207,5,2
3208,1,4
3210,5,3
3211,1,3
3212,3,5
3212,2,5
3212,2,3
3213,1,3
3214,5,3
3215,3,3
3215,4,3
3215,5,5
3216,1,3
3216,2,3
3217,1,3
3217,3,3
3218,1,3
3218,3,3
3219,2,3
3219,3,4
3219,2,2
3219,1,5
3220,2,5
3220,1,4
3221,4,3
3221,3,3
3221,3,3
3221,2,4
3222,5,5
3223,3,5
3224,4,3
3225,4,3
3226,3,3
3226,3,3
3228,5,3
3228,1,3
3229,1,5
3230,2,5
3230,2,2
3230,3,3
3230,5,5
3231,3,3
3231,3,5
3232,3,4
3233,1,5
3233,3,3
3234,3,3
3234,3,3
3235,5,4
3235,3,3
3236,3,3
3237,2,3
3237,3,3
3237,1,3
3237,2,3
3238,2,3
3239,3,3
3240,1,4
3242,1,3
3242,3,3
3243,2,3
3243,2,3
3243,2,2
3244,2,3
3244,4,5
3245,2,3
3246,3,5
3246,2,5
3246,3,3
3246,2,4
3246,4,4
3246,1,5
3247,3,4
3247,5,5
3248,3,5
3248,5,4
3248,3,3
3249,1,3
3249,1,4
3249,3,3
3250,1,3
3251,4,4
3252,2,3
3252,4,5
3254,1,3
3254,1,3
3256,1,4
3256,3,3
3257,4,1
3257,3,3
3258,3,3
3258,1,3
3258,1,5
3259,3,5
3261,5,3
3262,5,3
3264,3,3
3265,5,4
3265,1,3
3265,4,3
3265,5,3
3267,3,5
3267,1,4
3267,3,3
3267,5,3
3267,1,5
3267,2,4
3267,5,3
3269,3,5
3269,3,3
3270,3,4
3270,3,3
3270,4,3
3270,3,3
3270,2,3
3271,2,2
3271,2,3
3271,1,4
3271,5,5
3272,3,3
3273,1,3
3273,5,3
3274,1,3
3274,3,5
3274,1,3
3274,3,3
3275,3,5
3276,2,3
3276,5,5
3276,3,3
3278,2,3
3278,2,5
3278,3,5
3279,3,3
3280,2,4
3281,4,3
3281,2,3
3284,3,3
3284,3,4
3284,2,2
3285,3,4
3285,5,4
3285,2,3
3285,2,4
3285,2,4
3286,1,3
3287,5,4
3287,4,5
3287,4,4
3288,1,3
3289,1,3
3289,5,5
3289,1,4
3289,3,5
3290,1,3
3290,3,4
3291,3,3
3292,2,3
3292,3,3
3293,2,3
3294,3,4
3295,1,3
3295,5,3
3296,1,4
3296,4,3
3296,5,3
3297,5,5
3298,3,4
3298,1,3
3299,3,5
3299,5,4
3300,1,3
3301,3,3
3302,1,3
3302,5,4
3303,1,3
3305,4,4
3305,3,4
3305,3,5
3306,3,3
3306,5,3
3306,1,3
3308,1,3
3309,3,3
3310,3,4
3310,3,5
3311,5,3
3311,3,3
3311,1,3
3312,1,5
3313,3,3
3314,3,5
3314,2,5
3314,1,3
3314,5,3
3314,5,3
3315,2,3
3315,2,3
3317,3,3
3317,2,4
3317,3,5
3317,3,3
3317,1,3
3317,3,5
3319,2,4
3319,1,4
3319,3,3
3320,3,3
3320,3,4
3321,3,5
3321,1,3
3322,3,3
3322,3,4
3323,5,4
3323,3,3
3324,5,3
3324,4,3
3324,2,2
3325,2,3
3325,5,4
3326,2,3
3328,1,3
3328,4,3
3329,1,3
3329,3,3
3330,2,3
3330,2,3
3330,3,4
3330,3,4
3331,3,3
3332,5,3
3332,3,1
3333,1,4
3333,3,5
3334,4,4
3335,5,3
3335,2,3
3336,2,4
3337,5,3
3337,1,3
3337,4,3
3339,3,4
3340,2,5
3340,3,5
3340,5,4
3341,4,5
3341,3,5
3342,1,3
3342,4,3
3342,1,3
3343,5,3
3344,5,5
3345,2,3
3346,2,5
3346,3,5
3346,5,3
3347,1,4
3347,4,3
3349,5,3
3349,1,3
3349,3,3
3350,2,3
3351,5,3
3351,2,5
3352,2,3
3352,2,4
3353,1,3
3353,1,3
3354,5,3
3354,5,3
3354,3,3
3354,1,4
3354,3,3
3354,4,5
3355,3,3
3356,3,3
3357,4,4
3357,3,5
3358,4,3
3358,3,3
3358,3,3
3358,1,3
3359,3,3
3359,3,3
3360,3,3
3360,4,3
3360,3,5
3361,3,3
3362,3,3
3362,5,4
3362,2,5
3362,3,4
3362,1,3
3365,2,3
3366,3,5
3366,1,5
3366,3,3
3367,3,3
3367,2,4
3369,5,3
3370,2,3
3371,2,3
3371,5,3
3373,1,3
3374,5,2
3375,4,3
3375,3,3
3375,3,3
3376,3,5
3376,3,3
3377,4,4
3377,3,3
3377,5,3
3377,3,4
3378,5,3
3378,3,4
3378,5,5
3378,3,3
3378,5,5
3379,1,5
3380,3,3
3380,1,4
3381,3,4
3381,1,3
3381,4,3
3382,4,3
3388,2,3
3388,1,3
3388,5,3
3390,2,4
3390,2,3
3390,2,3
3391,5,3
3392,1,3
3392,3,4
3393,4,4
3393,3,3
3394,2,5
3394,1,3
3395,1,5
3395,1,4
3396,1,4
3397,3,3
3397,3,4
3398,2,5
3398,2,1
3399,2,3
3399,3,3
3399,2,3
3400,3,3
3401,5,3
3402,3,3
3402,2,3
3403,5,3
3403,4,4
3403,1,3
3403,5,3
3404,3,3
3405,5,5
3405,3,4
3406,2,3
3406,1,5
3406,3,3
3406,1,3
3406,4,3
3407,4,4
3407,5,4
3407,1,3
3407,3,3
3409,4,3
3409,3,5
3409,3,4
3409,4,3
3409,4,4
3410,2,3
3410,5,4
3411,3,5
3411,1,3
3411,1,3
3411,3,5
3412,1,4
3412,3,3
3412,1,4
3413,3,3
3414,4,4
3414,3,3
3414,2,3
3414,5,3
3415,5,3
3415,1,3
3416,1,5
3417,4,3
3417,3,4
3418,2,5
3418,3,3
3419,2,2
3419,2,3
3420,3,3
3421,1,3
3421,5,3
3421,2,5
3421,3,2
3422,3,3
3422,3,3
3422,2,3
3422,3,3
3422,3,5
3423,1,4
3424,3,3
3425,4,4
3425,3,3
3425,4,5
3426,4,3
3427,2,3
3427,1,3
3428,2,4
3429,4,5
3429,5,4
3430,2,3
3430,1,3
3430,3,5
3431,3,3
3432,3,3
3433,2,3
3434,3,3
3434,2,4
3434,4,4
3435,1,4
3435,5,3
3435,2,3
3436,4,4
3436,4,5
3436,2,3
3437,5,3
3437,1,4
3437,4,3
3437,2,3
3438,5,5
3438,3,3
3439,1,4
3439,5,3
3439,5,5
3440,1,2
3440,5,3
3440,3,5
3440,3,3
3441,1,4
3441,3,3
3441,1,3
3441,5,3
3442,5,3
3442,5,4
3442,1,3
3443,2,5
3443,1,3
3443,1,5
3444,3,5
3444,2,3
3445,3,3
3445,4,4
3445,4,3
3446,1,5
3446,2,5
3447,3,3
3448,1,3
3449,5,3
3449,2,5
3449,3,3
3449,1,3
3450,2,3
3451,5,3
3451,5,5
3452,4,4
3452,3,3
3454,3,5
3454,3,3
3454,1,2
3455,3,5
3456,3,5
3457,5,3
3457,5,5
3458,5,3
3458,1,3
3458,5,3
3458,2,4
3459,1,2
3460,2,4
3461,3,3
3461,4,3
3461,5,4
3463,5,3
3463,3,4
3463,3,3
3465,2,2
3465,1,3
3467,3,3
3468,3,3
3468,5,3
3469,3,3
3469,4,3
3469,3,3
3470,3,3
3470,2,5
3470,3,5
3470,5,3
3470,3,3
3471,5,3
3471,5,4
3471,3,3
3472,1,5
3472,3,3
3473,3,3
3474,5,3
3476,3,5
3477,2,5
3477,3,3
3478,1,3
3478,1,3
3478,3,3
3478,3,3
3479,3,5
3480,1,4
3480,5,3
3482,5,4
3482,5,3
3482,3,5
3483,1,3
3483,4,3
3484,5,3
3486,5,4
3486,2,4
3487,1,3
3487,1,4
3487,1,5
3487,3,2
3489,3,3
3489,3,3
3489,2,4
3489,5,5
3489,2,3
3489,5,5
3490,3,3
3490,3,3
3492,3,3
3492,3,5
3495,3,3
3495,4,3
3496,1,3
3497,1,3
3497,1,5
3498,3,5
3498,3,4
3499,3,3
3499,1,5
3500,3,4
3500,1,3
3500,3,3
3501,5,3
3501,3,3
3501,3,4
3502,2,3
3502,2,5
3502,3,5
3502,1,3
3502,2,4
3503,4,5
3503,4,3
3503,4,3
3504,3,3
3504,3,3
3504,2,4
3504,5,3
3505,4,5
3507,2,3
3507,1,4
3508,3,3
3508,1,5
3509,1,5
3509,1,3
3510,3,3
3512,2,3
3512,5,2
3513,3,3
3514,2,5
3515,3,3
3515,3,3
3515,2,3
3516,5,3
3516,3,3
3516,5,3
3518,5,3
3519,3,5
3519,3,3
3519,5,3
3520,4,3
3521,2,5
3521,3,5
3521,4,3
3523,4,3
3523,1,5
3524,2,5
3524,3,5
3524,2,3
3525,4,3
3525,1,4
3526,3,5
3526,1,3
3526,1,3
3526,5,5
3527,3,5
3529,5,3
3529,1,3
3530,3,4
3530,1,3
3535,5,3
3535,2,4
3536,3,3
3536,3,4
3536,4,3
3536,3,5
3537,3,3
3537,2,4
3538,3,4
3539,3,5
3540,4,4
3540,2,3
3541,1,3
3541,3,4
3541,3,3
3541,4,5
3543,5,3
3543,3,4
3543,3,4
3544,3,3
3544,3,3
3544,5,3
3544,5,4
3544,2,3
3545,2,4
3545,5,3
3545,1,4
3546,3,5
3547,3,3
3548,3,5
3548,2,4
3548,2,3
3550,2,5
3550,1,4
3550,1,2
3550,2,5
3551,4,3
3551,3,5
3552,1,4
3552,3,3
3552,1,5
3552,1,3
3553,5,3
3553,4,3
3553,3,3
3554,3,3
3554,5,5
3554,3,4
3556,1,4
3556,5,3
3556,3,3
3557,2,3
3559,3,3
3560,4,3
3560,3,3
3560,3,3
3561,1,3
3561,1,5
3562,5,5
3562,3,3
3563,2,3
3563,3,3
3563,3,5
3563,5,5
3563,1,3
3564,1,3
3565,1,3
3566,2,3
3567,2,3
3568,1,3
3569,2,3
3569,4,3
3569,3,5
3569,3,5
3570,1,2
3571,3,3
3571,4,3
3571,1,3
3571,3,1
3572,3,3
3572,3,3
3573,3,4
3574,3,5
3574,3,3
3575,5,4
3575,2,3
3575,2,3
3575,1,3
3576,3,3
3576,4,5
3577,1,4
3579,4,5
3579,2,5
3579,2,3
3579,5,3
3579,3,3
3580,3,4
3580,3,3
3580,3,4
3580,3,4
3581,1,3
3581,3,5
3581,3,5
3582,3,5
3583,3,3
3583,4,2
3583,1,3
3583,2,3
3584,4,3
3584,3,3
3584,4,3
3585,5,3
3585,1,2
3586,2,3
3587,3,3
3588,5,4
3588,1,3
3589,5,3
3589,1,3
3590,4,3
3591,5,3
3591,1,3
3593,3,2
3593,3,3
3595,3,5
3595,2,5
3596,1,3
3597,2,3
3597,3,3
3598,1,3
3598,4,3
3599,1,3
3600,3,3
3601,3,2
3601,1,3
3601,3,3
3601,5,3
3602,1,4
3602,5,3
3603,1,3
3603,3,3
3604,1,2
3605,5,3
3605,2,3
3605,1,3
3605,2,4
3606,5,3
3606,1,5
3608,3,5
3609,2,4
3610,4,3
3610,3,3
3610,2,4
3610,3,3
3611,3,3
3612,3,4
3613,5,3
3613,1,3
3614,1,5
3614,3,3
3614,3,3
3615,5,2
3616,1,3
3616,1,5
3617,2,3
3618,2,3
3619,3,3
3619,3,3
3620,2,3
3620,3,3
3621,1,3
3622,3,3
3622,3,5
3622,3,3
3622,2,3
3624,1,5
3624,3,4
3624,5,5
3625,3,3
3626,3,4
3626,3,5
3626,3,3
3626,5,5
3627,4,3
3628,5,3
3628,2,3
3628,5,5
3628,3,4
3628,3,3
3629,2,5
3629,4,5
3630,2,3
3630,2,5
3631,1,3
3632,5,3
3632,2,3
3633,3,3
3634,2,3
3634,1,3
3635,3,3
3635,1,2
3636,2,4
3636,3,3
3637,5,3
3637,3,3
3638,3,3
3639,3,4
3640,4,5
3640,3,4
3640,2,3
3641,3,3
3641,1,3
3641,3,3
3642,3,4
3642,1,4
3643,5,5
3643,3,3
3644,1,3
3646,3,4
3646,4,3
3646,3,4
3646,3,4
3647,2,3
3648,4,3
3648,3,3
3649,5,3
3649,3,5
3649,3,3
3650,2,3
3650,4,1
3651,1,3
3651,3,3
3651,3,4
3651,3,5
3652,3,3
3653,1,3
3653,3,5
3653,5,4
3654,2,3
3655,3,3
3657,2,3
3658,2,5
3658,2,3
3658,1,5
3658,4,4
3658,5,5
3659,1,4
3659,5,3
3661,4,5
3662,3,3
3662,5,5
3663,2,3
3663,1,3
3663,5,3
3663,1,4
3664,3,4
3664,1,3
3664,3,3
3665,1,5
3665,5,3
3667,3,3
3668,1,5
3668,5,3
3669,3,3
3669,1,3
3670,2,3
3670,1,3
3670,5,3
3671,4,3
3671,5,3
3672,3,3
3673,5,4
3673,1,3
3674,3,4
3674,5,3
3674,1,4
3675,1,3
3675,1,4
3677,5,5
3677,4,2
3677,5,3
3679,3,3
3679,1,5
3680,3,5
3680,4,5
3681,2,3
3682,3,3
3683,3,5
3683,1,3
3684,1,3
3685,3,3
3685,3,3
3686,3,5
3687,5,5
3687,3,3
3687,5,3
3688,3,5
3690,2,3
3691,4,3
3692,4,3
3692,2,3
3692,1,3
3692,5,4
3693,3,3
3693,3,3
3693,2,4
3693,3,4
3694,1,5
3695,1,5
3695,3,5
3696,3,3
3696,3,4
3696,4,3
3696,3,3
3697,1,3
3698,4,3
3698,5,4
3698,3,3
3698,3,4
3699,3,3
3699,1,3
3699,3,5
3699,2,4
3700,4,3
3701,3,3
3701,1,3
3701,1,3
3702,3,5
3702,3,2
3703,3,5
3703,5,5
3704,1,3
3704,4,3
3704,3,3
3705,2,3
3705,3,4
3705,2,2
3706,3,3
3706,3,3
3706,2,3
3707,2,4
3707,2,3
3707,3,5
3708,3,5
3708,3,3
3709,3,4
3709,3,3
3711,2,3
3711,2,3
3711,4,4
3712,5,3
3713,3,3
3713,3,3
3713,3,1
3713,2,3
3713,3,4
3714,3,4
3715,3,3
3716,2,3
3716,3,4
3717,3,3
3718,3,5
3718,4,5
3718,5,3
3718,1,3
3719,5,4
3719,1,3
3719,4,3
3720,1,5
3721,1,3
3723,2,3
3723,1,3
3723,4,5
3723,5,3
3723,5,4
3725,5,3
3725,4,3
3726,5,3
3726,1,4
3726,5,4
3726,2,3
3727,5,3
3727,2,3
3728,3,4
3728,1,3
3728,3,5
3728,4,3
3729,1,5
3729,1,5
3730,2,3
3730,3,4
3730,5,4
3731,1,5
3731,3,3
3733,3,3
3733,5,5
3734,4,3
3735,3,3
3736,2,3
3736,4,5
3737,4,4
3738,5,3
3739,2,5
3739,5,3
3740,5,3
3740,1,3
3741,1,5
3741,1,5
3741,1,5
3741,1,3
3742,1,5
3742,5,2
3742,4,4
3743,5,3
3743,4,3
3743,3,4
3743,3,4
3743,5,4
3745,3,3
3746,5,3
3747,1,3
3747,1,3
3748,3,4
3750,2,3
3750,3,3
3751,5,4
3751,1,4
3751,1,4
3751,2,2
3752,5,4
3753,3,4
3753,1,4
3753,1,3
3754,4,3
3755,3,3
3755,3,3
3756,1,5
3757,3,3
3757,3,5
3758,3,3
3759,3,4
3760,1,5
3760,2,3
3761,3,4
3761,3,4
3763,5,2
3764,3,4
3764,1,3
3764,2,3
3765,4,3
3765,5,3
3765,3,5
3766,5,5
3766,2,3
3768,1,3
3768,4,3
3768,5,3
3769,2,3
3770,5,5
3770,2,3
3771,3,3
3771,2,4
3772,3,3
3772,1,5
3772,3,3
3773,3,4
3773,3,3
3775,3,5
3775,2,3
3776,3,3
3777,3,3
3777,3,3
3777,2,3
3780,2,4
3781,1,3
3782,3,3
3782,3,3
3782,3,3
3782,3,5
3783,5,3
3783,3,3
3783,1,4
3784,3,5
3785,5,3
3785,2,3
3785,2,5
3785,3,3
3787,3,3
3787,3,3
3787,1,4
3788,2,3
3788,3,3
3788,2,3
3789,3,3
3789,2,3
3790,5,5
3791,5,3
3795,1,5
3799,3,4
3800,2,5
3801,3,3
3802,5,3
3803,1,4
3803,3,5
3803,5,3
3805,5,3
3805,2,3
3807,3,5
3807,3,4
3807,3,3
3807,3,3
3808,2,3
3809,3,2
3809,3,3
3809,1,3
3810,5,3
3810,1,5
3810,5,3
3811,5,4
3811,1,4
3811,3,3
3812,3,5
3812,2,5
3813,5,3
3814,3,3
3815,3,5
3816,5,4
3817,4,3
3817,3,3
3817,3,3
3817,5,5
3817,4,4
3819,5,5
3819,3,4
3819,3,3
3819,2,4
3819,3,3
3820,1,4
3820,2,3
3820,3,4
3821,1,4
3822,2,4
3822,5,5
3823,3,5
3823,1,5
3823,3,4
3823,3,3
3824,1,3
3824,3,3
3824,3,5
3824,5,3
3825,2,3
3826,4,2
3826,2,3
3826,3,3
3827,3,4
3827,3,3
3828,2,3
3830,1,3
3830,3,3
3832,5,3
3833,1,4
3833,3,3
3837,3,5
3837,3,3
3837,3,5
3838,2,5
3838,2,5
3838,4,5
3839,2,3
3839,5,3
3839,5,5
3840,5,2
3840,3,5
3840,3,2
3840,5,5
3841,2,3
3841,1,3
3841,5,3
3841,1,2
3842,2,3
3842,5,3
3843,3,3
3843,3,5
3843,2,3
3844,3,2
3844,3,2
3845,3,3
3846,2,3
3846,3,3
3846,3,3
3847,1,3
3848,3,3
3848,2,3
3850,4,3
3851,2,3
3852,3,5
3852,2,2
3853,2,3
3853,1,4
3853,2,5
3854,3,3
3855,3,3
3855,3,3
3855,1,5
3855,4,3
3856,5,3
3857,3,4
3857,3,4
3858,3,5
3858,3,4
3858,2,3
3858,1,4
3858,4,3
3858,1,3
3859,1,3
3859,5,4
3860,1,3
3860,2,3
3862,1,5
3864,2,3
3865,3,3
3865,1,3
3867,1,3
3868,3,4
3869,1,5
3870,1,4
3870,3,3
3871,5,3
3871,5,3
3871,3,4
3872,2,3
3873,3,3
3873,1,3
3874,2,2
3874,5,3
3874,1,4
3875,1,3
3876,1,5
3877,4,3
3877,3,5
3878,3,4
3878,1,3
3879,2,3
3880,2,1
3882,3,3
3883,3,5
3883,3,5
3883,3,3
3884,5,4
3886,5,3
3886,2,5
3887,2,5
3888,1,5
3888,5,3
3888,3,5
3890,2,3
3890,2,3
3891,2,3
3891,5,4
3891,2,3
3891,3,4
3892,3,3
3892,1,4
3893,3,3
3895,3,4
3895,1,3
3895,2,4
3896,3,3
3896,1,4
3897,2,3
3898,3,3
3898,4,3
3898,5,3
3898,3,3
3900,3,4
3901,1,3
3901,3,3
3902,3,5
3902,2,5
3902,3,5
3903,1,4
3903,1,3
3905,4,3
3905,3,5
3905,3,4
3906,1,3
3907,2,5
3907,1,4
3907,1,4
3908,3,3
3908,1,3
3908,3,3
3909,1,3
3909,2,4
3910,3,4
3910,2,3
3911,5,3
3911,1,5
3912,1,3
3912,3,3
3913,4,3
3913,3,4
3914,3,3
3914,5,5
3915,3,4
3915,1,3
3915,2,5
3916,2,3
3916,5,3
3917,2,4
3919,5,3
3919,3,5
3919,3,3
3919,2,3
3920,4,3
3920,5,3
3920,1,3
3921,3,5
3921,4,3
3923,5,3
3923,2,3
3925,1,5
3926,2,4
3927,1,4
3927,1,3
3927,3,5
3928,2,5
3928,3,3
3928,2,3
3928,1,4
3929,5,3
3930,5,3
3931,5,3
3932,1,3
3932,5,3
3932,3,3
3932,2,3
3932,5,3
3932,3,3
3933,3,4
3933,3,5
3933,2,5
3933,1,5
3934,3,3
3935,3,4
3935,5,3
3936,4,5
3936,5,3
3936,2,3
3937,4,3
3937,1,3
3937,1,3
3937,1,5
3938,3,4
3938,2,4
3940,1,4
3942,1,4
3942,3,3
3942,5,5
3942,5,3
3943,1,4
3944,5,2
3944,1,4
3944,3,4
3945,1,3
3946,3,5
3946,1,5
3946,4,3
3947,3,3
3947,2,4
3947,2,3
3948,5,4
3948,1,3
3948,5,4
3948,2,5
3949,3,4
3949,3,3
3949,2,4
3949,4,3
3950,1,3
3950,3,3
3950,2,5
3953,2,5
3954,2,5
3954,1,5
3954,3,3
3954,3,3
3955,3,3
3956,4,5
3956,3,3
3957,3,3
3957,2,3
3957,1,5
3957,1,5
3958,4,3
3959,1,3
3959,2,3
3960,4,4
3960,3,4
3960,2,3
3962,3,3
3963,1,3
3964,5,3
3964,3,3
3964,3,4
3967,3,3
3969,5,5
3970,3,5
3970,5,4
3970,4,5
3970,1,3
3971,5,3
3972,4,3
3973,3,3
3973,3,5
3974,2,4
3974,1,3
3974,1,3
3974,3,4
3974,2,3
3976,2,5
3977,5,4
3977,2,3
3979,1,5
3979,5,5
3979,3,3
3981,1,3
3981,3,3
3982,1,3
3982,4,2
3982,3,5
3983,4,4
3983,5,4
3985,1,5
3985,1,3
3985,1,3
3985,3,5
3991,3,4
3991,2,5
3992,5,3
3992,1,3
3993,2,4
3993,1,3
3995,3,4
3995,3,3
3995,3,3
3996,5,3
3997,4,4
3997,1,3
3998,2,4
3999,3,3
4000,1,3
4000,3,3
