userID2,venID,rating
3706,3,1
1204,5,0
2492,5,0
2498,3,0
294,4,1
2965,3,1
279,5,0
2098,5,1
1338,3,1
2687,3,1
471,5,0
2105,3,1
1555,4,1
3034,3,1
3429,4,1
1036,1,0
1546,1,0
1934,2,0
2759,1,1
2309,1,1
1120,3,1
777,1,1
584,2,1
3830,2,1
2324,2,0
2718,5,0
858,4,1
3590,5,0
56,5,0
460,3,0
3024,3,0
3635,2,1
114,5,0
3147,5,0
461,3,0
1732,2,1
2712,4,0
712,3,0
1723,2,1
1342,3,1
3354,3,1
898,1,1
1335,3,0
3840,3,1
470,2,1
3964,5,1
3156,3,0
877,2,1
2250,3,1
2487,3,0
2298,2,0
3090,4,0
2541,2,1
2252,2,0
1257,3,0
397,3,0
332,3,1
2922,2,1
1763,5,1
2869,3,1
1153,1,1
1602,3,0
416,1,0
3571,1,1
3721,4,0
2978,3,0
895,5,1
1518,5,1
1516,5,1
3441,3,1
1964,3,1
2383,3,0
1208,4,0
888,4,1
1097,3,0
2301,1,0
1332,5,0
2201,5,0
1391,5,1
3680,1,0
788,3,1
3182,4,0
1392,3,0
2719,1,0
1287,4,0
3742,3,1
1514,2,1
1089,4,1
2123,5,1
1192,2,1
824,2,0
2984,1,0
1967,3,0
2169,3,1
1329,3,0
930,3,1
2966,2,0
1529,3,1
1430,1,1
118,2,0
3518,2,1
1625,2,0
3903,1,0
2301,2,0
2282,2,0
3602,3,1
1995,3,0
3178,3,1
3285,5,0
1609,1,0
1990,3,0
3626,1,0
374,4,1
3760,4,1
97,3,0
3872,3,1
466,5,1
133,2,1
1212,4,1
3180,3,0
197,2,1
140,2,0
1473,2,0
3773,5,1
3376,3,1
2350,3,1
3574,4,1
979,2,1
2444,2,0
1616,4,1
2029,5,1
92,3,0
2480,3,0
789,3,1
3868,3,0
1375,5,0
595,1,0
2986,3,1
1697,5,0
2476,2,1
126,2,0
268,3,0
3931,1,0
3487,4,1
286,3,1
1878,3,0
1301,3,1
1922,3,0
3785,3,1
2710,3,0
3543,2,0
2520,3,1
3077,4,0
1031,1,0
3888,1,1
502,3,1
2568,5,1
2655,2,0
3500,1,0
1934,4,0
599,2,0
57,3,0
1788,3,1
801,1,1
1711,5,0
562,1,1
2193,4,1
554,3,0
280,3,1
3579,3,0
2544,3,0
325,5,0
3437,4,0
1934,2,1
2448,3,0
2867,2,1
3041,1,0
2965,5,1
171,5,1
690,5,0
1027,5,0
2886,2,0
2926,1,1
3187,3,1
1597,1,1
1525,5,0
1520,5,0
2793,5,0
3039,2,1
3914,3,0
2873,3,1
1996,2,0
662,1,0
1465,5,0
2597,3,1
3683,2,1
1531,3,0
336,3,0
1572,1,0
3043,3,1
3406,5,1
617,1,0
3451,1,1
3921,5,1
2967,5,1
20,5,0
1526,1,0
2589,3,0
3295,2,0
3509,3,0
2913,1,0
3736,3,0
3345,4,0
3298,1,1
1172,3,1
238,3,1
2511,3,1
997,1,1
3731,3,1
2545,5,1
1002,5,0
2598,3,0
1699,5,0
2636,2,0
681,2,1
1161,3,1
1925,5,1
1772,3,1
1955,5,1
1164,4,1
2841,3,0
244,5,1
955,2,1
2489,3,1
770,5,0
3294,1,0
3204,4,0
116,3,0
286,3,0
1695,3,0
1814,3,1
3839,3,0
1950,3,1
2396,1,0
1731,4,0
815,4,0
1211,4,0
432,3,1
2871,3,0
2907,3,0
1797,1,1
822,1,0
2390,1,1
1492,3,0
731,2,1
1366,4,0
3595,3,1
1451,1,1
2000,1,1
2053,1,0
1108,2,1
240,1,0
2491,3,1
2132,1,0
813,2,0
3182,5,1
3415,3,0
560,2,1
2478,3,0
3572,3,0
3317,3,1
3640,3,0
653,5,0
1841,1,1
2774,1,1
3903,4,0
2796,4,0
1894,3,1
1167,2,1
2035,3,1
472,5,0
2407,1,0
598,1,0
1744,5,0
1768,1,0
3102,3,0
2990,2,1
3221,5,0
1432,3,1
48,5,1
1192,2,0
253,5,1
1878,2,0
2571,3,0
2771,3,1
3065,5,0
3718,4,1
2287,4,1
2211,2,0
3336,3,1
2318,3,0
2378,2,1
3563,1,0
3704,4,0
996,3,0
928,5,1
3573,5,1
59,5,0
2253,3,1
3788,1,1
1627,3,1
3688,3,0
1733,4,1
1940,2,1
882,1,0
1319,1,0
1823,3,1
1228,4,1
3371,4,0
2147,3,0
30,5,1
1755,3,1
3404,2,0
2906,3,1
2954,3,1
3548,2,1
3046,5,0
2986,3,0
3817,3,1
2661,3,0
766,5,0
435,1,1
3919,3,0
735,2,1
2715,3,0
3292,5,1
1644,3,0
1643,2,0
1418,1,1
1215,3,0
1593,3,1
2270,5,1
1459,2,0
841,1,1
1722,5,0
3289,3,0
3233,1,1
1867,3,0
3340,3,0
2615,2,1
1025,2,0
2393,3,0
2865,5,1
2296,3,1
1612,2,1
3635,2,0
606,2,0
638,1,0
2601,5,1
1925,1,0
1641,3,1
1594,3,1
1339,1,0
3102,5,0
303,5,1
302,1,0
2579,3,1
3772,3,0
1488,2,0
829,5,1
2558,2,1
3642,3,0
1847,1,0
2259,3,1
3215,4,0
3979,5,0
3579,1,1
2430,2,0
2684,2,0
3788,1,0
929,5,1
2447,2,1
762,3,0
1993,1,0
455,5,0
1572,3,1
794,5,0
1337,4,0
3230,1,0
2150,2,1
3777,2,0
1771,3,1
3463,2,0
2760,4,0
3811,4,1
2294,5,1
2269,1,1
1100,1,0
2755,4,0
1651,1,0
873,2,1
13,5,1
3999,3,0
418,2,1
530,1,0
1876,3,0
380,3,0
66,5,0
1809,3,1
1289,3,0
299,3,0
2896,5,0
1019,3,1
2968,3,1
2548,1,1
1848,1,1
1639,3,0
2917,1,0
1151,1,0
55,1,1
3035,4,1
2565,1,0
440,2,1
705,2,0
2048,2,1
3727,5,0
362,3,0
3159,3,1
409,3,1
2807,2,1
366,1,1
1074,3,1
245,5,0
357,1,1
1557,2,0
537,2,1
854,5,0
20,3,1
1186,5,1
552,4,0
2477,1,0
3126,3,0
2474,1,0
1851,1,1
3449,1,1
1461,1,0
681,1,0
3501,3,1
2679,2,0
3658,5,1
1396,5,1
2317,4,0
653,4,0
3014,5,0
3341,1,0
1351,3,1
3029,5,0
1021,1,0
3610,5,0
504,3,1
3109,1,1
2824,1,0
18,4,1
3702,2,1
3274,1,1
178,3,0
2603,3,1
86,2,0
898,2,1
3919,3,0
162,3,0
1083,1,1
1673,1,1
1296,1,0
2190,2,1
3977,1,0
1452,5,1
124,3,0
1227,5,0
1771,5,1
2174,1,0
472,5,0
3470,4,1
2991,1,1
2578,5,1
3280,2,1
1060,2,1
466,2,1
1024,4,1
3161,5,1
1672,3,1
1953,2,0
3074,3,0
1102,3,1
3495,5,1
3928,2,0
3271,2,1
2248,1,0
1900,3,1
2679,1,0
3613,5,1
917,2,1
1143,2,0
54,1,0
2369,5,0
3770,3,0
1877,2,0
3215,2,0
3441,3,0
1168,3,0
1765,1,0
3634,3,1
957,1,0
2559,3,0
3714,1,1
1302,2,1
2431,4,0
1993,2,0
3178,1,0
3817,4,0
2678,3,1
827,1,1
1889,4,1
3914,5,0
2242,2,1
1584,3,1
3152,1,0
1221,1,1
3504,1,0
2216,5,1
909,5,1
608,2,0
1695,4,1
3435,1,0
2496,2,0
3568,2,0
2490,2,0
1395,2,0
2196,4,0
3358,3,1
3007,1,1
2126,1,0
408,5,1
1117,4,1
2197,1,0
255,5,1
3859,5,1
2270,3,0
2075,4,1
3632,3,0
384,4,0
3723,3,1
755,3,0
2960,3,1
1300,1,0
2811,3,0
3325,5,1
295,1,0
3243,1,1
3308,2,1
802,1,1
2481,3,1
256,3,0
1404,2,0
3233,5,0
1074,3,0
3221,5,0
411,3,1
2290,1,1
2838,1,0
1651,1,0
925,3,1
3080,1,1
3670,5,0
2119,2,0
3826,2,1
941,3,0
3959,3,0
1768,3,1
1383,4,1
3406,4,0
155,1,0
852,3,0
1615,1,0
224,1,0
1572,2,1
3716,3,0
3465,3,1
2040,5,0
831,2,1
3723,5,1
884,3,0
3579,2,1
1854,3,1
3300,4,0
3580,5,0
3769,3,0
3693,2,1
2336,5,1
1282,4,1
745,1,1
1848,2,0
1346,4,0
1238,1,0
430,3,1
1969,2,1
129,1,0
2656,3,1
3526,4,1
1530,2,0
200,4,1
3489,3,0
1190,5,1
1140,3,1
2725,3,1
2952,3,1
1583,5,1
496,2,1
3027,4,1
1356,2,0
760,1,0
3684,1,1
2905,3,1
1428,3,0
3851,3,1
887,1,1
942,3,1
1616,3,1
19,3,1
1197,1,0
3946,1,1
1850,2,1
3841,2,1
884,3,0
3433,1,0
106,1,1
1031,1,1
1546,4,1
402,5,0
1776,2,1
3502,5,0
1110,1,0
1080,4,0
3226,3,0
524,5,0
3979,3,1
3729,3,1
3576,5,0
631,1,0
1563,4,0
1527,2,0
3652,3,0
3098,3,1
2599,2,0
3982,3,0
2240,4,0
668,5,0
3147,3,1
1043,1,1
3653,2,0
49,3,0
199,2,1
1932,1,0
1633,2,0
1126,5,1
2848,3,1
3267,2,0
3996,5,0
270,4,1
857,1,0
1141,3,0
316,1,0
492,1,1
3057,5,0
3892,3,1
3663,1,0
2575,3,1
591,1,0
2386,1,0
1506,5,0
3064,1,0
3671,2,0
1344,5,0
722,3,1
1477,2,1
2393,5,1
2700,5,1
3009,3,0
3819,2,1
2073,1,1
3628,2,0
968,2,1
3165,4,0
2844,1,0
1360,4,0
3236,3,1
3878,4,0
1017,4,0
1896,3,0
3927,4,1
124,2,0
2777,3,0
858,1,1
566,5,1
791,3,0
2608,5,1
1733,4,0
3449,4,0
584,3,1
1840,1,0
2590,4,0
1815,2,0
2033,2,1
3185,3,1
1846,3,1
1571,1,0
2411,3,0
3741,3,1
131,2,1
798,3,1
1139,5,0
713,3,0
345,3,0
1378,2,0
2805,1,0
1952,3,0
2827,1,0
3246,2,0
3953,5,1
2523,1,0
639,3,0
3858,1,1
3946,1,0
2617,5,0
2022,3,1
3915,3,0
2799,1,1
3048,4,0
3069,2,0
1058,5,0
958,4,1
2963,3,1
547,3,1
3149,1,0
1678,5,0
114,4,1
2556,2,1
3812,5,0
1568,2,0
77,1,1
2463,3,0
3047,3,0
1507,1,1
2699,4,1
1371,5,0
3373,2,1
296,2,0
3420,2,1
2821,3,1
1915,4,1
2681,1,1
3013,3,1
3,3,1
1096,3,1
2610,3,1
2666,2,0
1023,1,1
1683,1,0
559,3,0
1866,5,0
3473,5,0
2093,3,1
1084,3,0
3551,2,1
121,2,0
250,5,1
3042,3,0
78,5,0
1694,5,1
2301,1,0
3272,1,0
643,2,1
2971,3,0
3932,1,1
3964,1,0
293,1,1
3331,1,1
1229,3,1
3201,3,0
3149,2,1
2587,5,1
3185,1,0
1981,3,1
3624,3,0
2820,5,1
1615,4,0
1881,3,1
209,5,1
2368,3,0
599,3,1
1662,1,0
1779,3,1
27,3,1
2074,5,0
122,3,0
1742,2,0
3887,5,1
3003,4,0
1917,1,0
43,5,0
2485,3,0
1560,5,0
1092,1,0
2496,3,1
2485,2,0
2762,2,1
1576,1,1
1963,2,0
2370,1,1
1298,3,1
1597,1,1
801,2,1
1437,5,1
1676,4,1
2033,3,1
1545,3,0
3067,1,0
2829,1,0
2604,3,1
2245,2,1
1287,5,0
1499,3,0
2330,1,0
97,5,0
2362,3,0
2731,5,1
237,4,0
882,2,1
3742,3,0
1198,5,1
3723,1,1
3840,5,0
3039,2,0
3155,4,0
2768,1,0
238,5,0
1277,1,1
1916,1,1
3915,2,0
3105,1,1
1462,3,1
2029,1,0
3158,5,0
2029,1,0
433,2,1
416,4,1
1019,1,1
3698,2,0
3402,5,0
1706,5,1
2469,1,0
1013,4,0
3017,1,1
3412,3,0
373,2,0
1554,5,1
2458,3,1
3925,3,0
342,2,0
1070,3,1
1887,3,1
3421,5,1
1705,3,1
1848,5,0
1060,1,0
546,1,1
3865,5,1
3242,4,1
1404,3,1
2181,3,0
2376,3,1
1818,2,0
661,3,1
1778,4,0
1451,2,1
1991,5,1
2305,1,0
3195,2,1
1739,1,0
1489,1,1
3185,3,0
1188,4,1
1477,5,0
619,4,0
852,4,1
2923,3,0
168,2,1
373,1,1
3871,3,0
948,2,1
2150,1,1
3141,3,0
674,1,0
2456,2,0
375,2,0
476,4,1
1383,3,1
860,4,0
710,2,1
3601,5,1
413,2,1
2257,5,1
2439,5,1
53,5,1
827,2,1
3810,1,0
3707,3,0
3630,1,1
316,1,0
308,1,0
3876,2,0
2558,5,0
3118,1,0
2621,3,1
332,5,1
1921,1,1
3284,4,1
55,2,0
39,3,1
3240,1,1
2361,3,1
3330,5,1
1635,4,0
1523,5,1
2573,1,0
3614,2,1
3376,2,1
3022,1,0
2434,3,1
3892,3,1
3575,3,0
1847,3,1
424,2,0
2713,1,1
412,2,0
3817,2,0
2716,4,0
1028,2,0
1603,5,1
1360,2,1
2813,3,1
181,3,1
2581,5,1
1834,3,0
1128,1,1
2177,3,1
3269,1,0
267,1,0
18,1,0
3844,4,0
373,3,0
197,2,1
909,1,0
3075,2,0
2747,3,0
3429,1,0
969,3,0
3837,4,0
3819,1,0
497,4,0
2464,5,1
2146,2,0
1413,4,0
1646,3,0
1305,2,0
3425,1,0
1161,2,1
514,3,1
3398,2,1
2110,3,0
329,3,0
1942,3,0
2337,2,0
3575,5,0
1432,1,1
1897,5,1
330,3,1
3070,4,0
3354,5,0
1798,3,0
2318,3,0
1479,2,0
3869,1,1
3498,5,0
2736,1,1
3838,3,1
1593,3,0
3920,3,0
2150,5,0
731,4,0
1595,3,0
521,2,1
71,1,1
1482,3,0
825,1,1
543,3,1
3311,2,1
2,5,1
1490,1,0
2896,3,0
753,1,1
3432,3,1
426,5,0
2434,5,1
561,3,0
2911,3,0
2708,1,0
2666,5,1
3840,1,1
3596,5,1
3648,3,0
1924,1,1
360,5,0
1156,1,1
760,1,1
3442,5,1
908,2,1
3112,5,0
2354,2,0
1663,3,1
2753,3,0
2661,3,1
1872,5,1
3005,3,1
1234,5,0
219,3,1
1829,3,1
2794,1,0
111,3,1
1658,2,0
3949,3,0
491,1,0
955,3,1
1876,3,0
2749,4,1
1950,3,1
2715,2,0
2126,1,1
1951,2,1
29,2,0
3460,3,0
297,3,0
1718,3,0
1274,2,0
1174,1,0
795,5,1
3598,1,0
3289,1,0
3114,3,1
113,1,1
3098,5,1
117,3,1
1699,1,0
124,1,1
2399,5,0
1585,3,0
3180,5,0
3349,3,0
1909,5,1
3421,3,1
2482,2,0
2938,2,0
3933,4,0
1271,2,1
1137,2,1
1615,3,1
506,4,1
2305,1,1
2110,3,1
3919,3,0
2241,3,1
3076,3,0
1081,1,0
2418,3,1
18,3,0
124,4,1
1162,2,0
1001,3,1
2227,3,1
259,4,1
217,1,1
1601,3,1
1066,5,1
1812,1,0
976,2,1
3814,5,1
3521,2,1
648,2,0
159,3,1
3212,2,0
1906,3,0
142,3,1
119,3,0
762,3,1
2021,4,0
3541,4,0
2972,2,1
506,3,0
2132,3,1
1045,4,0
253,4,1
2769,4,1
128,3,0
2250,2,1
1074,3,0
1379,1,1
2090,4,0
1938,5,0
2673,3,1
557,3,0
2261,3,1
2103,2,1
3891,2,0
3888,3,0
2255,5,1
1677,5,1
3237,1,0
3162,2,0
3943,4,1
158,3,0
142,5,1
2327,3,1
903,3,0
1697,2,0
42,1,1
3137,4,0
3530,1,0
3933,5,1
2062,2,1
2731,4,0
483,3,1
3337,3,1
3154,5,0
1918,3,1
3332,5,1
2676,1,1
2409,5,1
3741,2,0
3114,3,0
3535,4,1
3515,5,0
879,2,0
2577,3,0
405,3,0
1515,1,0
1289,3,1
2584,1,1
3447,3,0
1799,1,0
1382,1,1
2006,3,0
2807,3,1
181,5,1
3175,5,0
1929,2,1
3077,5,1
3249,3,1
2365,2,1
2907,1,1
197,3,1
1214,3,0
3394,3,0
1606,5,0
3550,2,0
893,5,1
2201,4,1
927,5,0
1340,5,0
3226,1,1
1211,3,1
247,1,1
541,4,0
710,3,0
1864,3,1
96,1,0
2811,1,1
1094,3,0
1544,1,1
3393,4,0
2441,3,0
2328,4,1
3380,3,1
2135,2,1
2577,1,1
1522,5,1
3909,2,1
1434,3,1
1242,3,1
2138,1,1
2580,3,1
2016,2,0
269,1,1
1642,3,1
3686,3,0
2249,3,1
1806,2,1
1022,3,1
3219,1,0
1324,3,0
3969,2,1
2940,3,1
620,3,1
3252,3,1
2894,1,0
1439,2,0
1429,2,1
2706,3,1
2538,4,0
480,1,0
503,5,0
120,5,0
3354,5,0
2818,3,0
1796,2,1
3942,4,0
1556,4,0
3271,5,0
1954,4,0
2780,4,1
637,3,1
2219,1,1
1796,3,0
481,5,0
2428,3,1
1255,1,0
3211,1,0
273,2,0
2431,3,1
3923,2,0
1096,5,0
1308,1,1
2964,3,1
269,3,1
391,3,0
2262,5,1
521,5,0
3017,4,1
2680,5,0
722,2,0
2713,3,1
1996,3,0
2669,2,1
3375,3,1
635,3,1
2956,5,1
778,3,1
3341,5,0
3402,3,0
3202,5,0
3073,1,0
3267,1,1
2955,1,1
3449,3,1
180,3,1
3157,3,1
312,3,1
2711,2,0
1278,3,0
804,2,0
2281,1,1
1926,3,0
1647,1,1
2690,2,1
2589,1,0
3146,3,0
889,5,0
3886,3,1
1868,1,0
3381,2,1
779,3,0
3143,3,0
1840,3,0
1497,2,1
1216,1,0
3440,5,0
2238,2,1
2719,3,1
1862,5,0
3467,4,1
1536,1,1
3582,5,0
1351,3,1
3378,3,0
188,3,1
3782,4,1
2843,3,1
1354,3,1
402,1,1
242,1,0
945,4,1
202,2,0
797,4,1
2852,1,1
932,5,0
1768,3,0
535,1,0
3605,3,0
716,5,0
2786,4,0
325,2,1
16,1,0
2210,2,0
219,3,0
3738,5,0
2485,4,1
1143,2,0
3290,4,0
1167,2,0
1563,5,1
861,3,1
3541,3,0
2452,4,0
3957,3,1
1802,5,1
2951,4,1
3296,3,1
3468,4,0
355,3,1
426,3,1
2094,2,0
2259,5,0
107,1,1
2,3,1
1145,2,0
2010,2,0
3194,5,1
487,4,0
2236,5,0
1507,5,0
2975,5,0
2080,1,0
2968,3,0
3044,1,0
193,2,0
1788,5,1
1145,2,1
3624,3,0
3349,5,0
3119,4,1
848,2,0
3454,4,0
192,2,0
3256,2,0
3442,2,1
2647,5,1
370,4,0
581,1,1
2369,2,0
2876,1,1
869,2,1
1329,3,0
1400,5,1
499,5,0
1045,1,1
2516,3,1
3748,1,0
56,5,1
462,2,0
169,1,0
836,1,1
102,5,1
1265,1,1
111,5,1
3808,5,1
3569,3,0
985,3,0
80,5,0
953,5,0
2380,1,0
3392,5,0
3574,1,0
3564,4,0
3362,4,0
3311,1,0
2334,4,1
1060,2,0
3416,3,0
3037,3,0
310,3,1
3196,3,0
115,4,0
2211,5,1
3646,3,0
2953,3,0
3898,2,0
877,4,1
3353,4,0
2107,5,1
836,5,0
1807,4,1
441,5,0
1837,5,1
2301,1,1
1403,3,0
3414,3,0
428,3,0
3913,1,1
2647,5,0
3565,3,1
3126,3,0
2986,1,1
3929,1,0
2003,1,1
3591,2,0
2602,3,0
2953,2,0
80,4,1
2044,2,1
1470,4,0
93,5,1
375,5,0
3713,1,0
3842,2,0
138,2,0
3356,5,0
3971,1,1
1682,3,1
1677,2,1
3928,3,0
2152,5,1
2117,4,0
3588,4,0
2162,3,0
2923,5,0
3071,1,0
1296,2,0
989,3,0
3104,5,0
503,1,0
922,1,1
2781,2,0
3805,2,1
2435,1,0
2826,3,1
1961,1,1
3139,3,1
1608,1,1
667,4,1
1798,3,1
2372,1,0
3290,5,0
1048,4,0
1549,3,0
874,5,0
697,2,1
3853,3,0
1648,4,0
2966,3,1
3041,2,1
1874,5,0
1816,3,0
1986,1,0
1919,1,1
2283,4,1
3948,2,1
584,2,1
177,3,0
2120,2,1
2317,3,1
3445,2,0
2190,3,0
997,1,0
2458,1,1
1630,2,0
621,4,0
2836,3,0
3258,2,0
2655,3,1
1731,3,0
1610,3,0
1497,1,0
78,2,0
2072,1,1
3450,3,1
3352,3,1
2919,1,0
3673,4,0
2359,5,0
3504,3,0
604,1,1
3743,1,0
420,4,0
2792,1,1
833,3,0
1657,1,1
3613,1,1
1809,5,0
3165,3,0
38,3,1
2834,2,0
1906,1,0
203,3,1
323,1,0
1827,2,0
359,2,0
2385,3,1
707,5,1
1059,4,0
361,5,0
1856,1,0
3478,3,0
2684,1,0
3663,3,1
3503,4,0
3151,5,0
2974,1,1
3317,1,0
3646,2,0
1744,3,0
1029,5,0
2135,5,1
962,5,0
3075,3,0
1786,1,0
957,2,1
3873,5,1
164,1,0
2600,2,0
2896,3,0
985,1,1
1958,3,1
222,1,0
852,1,1
3329,3,1
3205,3,0
1224,4,0
3912,5,1
2406,3,0
3768,5,1
1424,1,1
1273,1,0
724,2,1
1472,2,1
1507,5,0
2017,3,0
442,2,0
3521,3,0
3898,3,1
3563,2,0
3811,2,0
355,3,0
2399,3,0
34,4,0
2490,2,0
764,3,1
1161,3,1
3007,2,1
2473,3,0
1812,3,0
1403,5,0
1910,3,0
2724,1,0
1960,3,0
2423,1,0
134,4,0
1117,2,0
890,3,1
3838,1,0
3712,2,0
3088,2,1
1083,4,1
557,3,1
2998,5,0
3009,5,1
3437,5,1
782,1,1
3905,3,0
2650,5,1
935,4,1
3552,3,1
3584,3,1
3828,4,1
271,2,0
432,1,0
1014,2,1
924,3,0
1571,5,0
1296,3,0
3985,1,0
2248,4,0
3182,5,0
2294,3,0
2774,3,1
3017,2,1
1107,4,0
903,3,0
59,1,0
3490,2,0
1032,1,1
3323,3,0
187,4,0
2728,5,0
624,2,0
3409,3,1
1340,5,0
1142,5,0
3725,5,1
1696,1,0
3665,2,0
3178,3,1
1468,1,0
1500,3,1
2778,1,0
586,4,0
3936,2,0
3789,4,0
3877,3,0
3546,3,1
3090,1,0
898,5,1
2117,3,1
452,1,1
1994,4,0
644,1,0
1031,3,1
1031,5,1
1815,5,0
2863,3,0
3399,3,0
2178,5,1
1775,3,0
3859,3,0
2772,5,1
3342,4,1
2991,1,0
2257,3,0
1764,3,0
2301,1,0
1708,4,1
2579,4,0
559,2,1
850,3,0
313,3,0
3139,5,0
3422,3,0
1462,5,0
2283,2,1
2525,5,1
2817,3,0
1005,4,0
3696,2,0
2449,5,1
2115,4,1
3228,2,1
908,1,1
2485,3,1
2728,4,1
3842,2,0
909,2,0
2628,1,0
1531,4,1
3560,3,0
3305,3,1
163,1,1
2233,5,0
3700,3,1
2304,3,1
1295,3,0
1740,3,1
3687,5,0
514,5,0
1465,3,0
3303,2,0
646,5,0
1747,3,1
1613,5,1
197,1,0
2475,3,1
2892,3,0
1125,2,1
2800,4,0
2073,2,1
1658,3,1
3235,3,1
660,5,1
1749,5,0
3310,5,1
2809,1,1
1192,3,0
921,1,1
1154,5,1
388,2,0
3559,2,1
2768,2,1
761,4,0
3154,1,0
3427,2,0
3252,3,0
258,2,0
2670,5,1
228,2,1
149,3,0
956,2,0
1299,2,0
796,1,1
1594,2,1
2681,3,1
1794,3,1
3765,5,0
2716,1,0
3785,2,0
3188,1,0
3995,4,0
3273,2,1
2864,1,0
748,4,0
1757,4,1
2741,3,0
1513,4,1
720,3,0
3752,5,1
1823,3,0
1388,4,1
3625,2,1
133,5,1
3562,1,0
443,1,0
808,3,1
1205,4,0
3780,5,1
421,1,0
1643,2,1
3563,4,1
2396,2,0
2190,3,1
985,1,0
1365,2,1
2155,2,0
614,1,1
1695,5,0
3115,1,0
274,4,0
2199,5,0
1086,5,1
527,3,1
3905,1,0
3646,1,1
2622,3,0
3390,3,1
1755,3,1
1359,1,0
2950,3,1
1795,2,1
3682,2,1
970,2,0
2397,3,1
790,4,1
543,4,1
2174,5,1
3165,2,0
2114,3,1
2615,2,1
2684,3,1
1425,3,1
2779,3,1
2605,1,0
3970,4,0
659,3,1
1445,1,1
1012,2,1
1432,2,0
1460,4,1
438,2,0
1916,1,0
971,2,0
2754,4,1
639,3,0
2511,3,0
2751,3,0
2508,2,0
2289,2,0
2209,1,0
2198,3,1
1126,1,1
3802,4,1
2500,5,0
3719,3,0
12,5,1
3726,2,1
1198,5,0
872,3,1
980,1,0
2364,1,1
2242,1,0
848,3,0
162,5,1
775,1,1
1153,1,0
2737,5,1
2667,3,1
2895,5,0
3168,3,1
3065,5,1
2377,3,1
2961,1,0
849,1,0
3297,3,0
2962,1,0
819,3,0
814,3,1
114,2,1
3189,4,1
2162,4,1
2508,4,0
671,1,1
854,1,0
146,3,1
1184,4,1
3667,5,0
1573,5,1
2721,1,0
2425,1,1
2779,3,1
2514,1,1
656,1,0
519,2,0
3113,3,1
3581,2,0
3199,1,0
2572,2,1
2871,3,0
2100,4,0
60,3,0
1672,1,1
3765,3,0
16,3,1
1973,5,1
2466,4,0
2302,3,1
1137,1,1
2126,3,1
1673,2,1
1462,3,1
799,5,1
707,3,1
901,4,0
127,3,1
1286,3,1
1063,2,0
953,4,0
3587,3,1
2680,5,0
1155,5,0
1455,1,1
3458,3,1
1526,1,1
670,5,1
565,1,1
1528,1,1
1984,5,1
3251,1,0
147,5,0
1699,1,1
1192,2,0
1848,5,0
2094,2,0
1245,2,1
579,2,0
3470,1,1
3651,5,1
2363,1,1
2887,1,1
3730,3,0
1763,4,0
3937,3,1
238,5,1
3291,3,1
3178,2,1
292,1,0
2906,2,0
541,3,0
30,5,0
309,3,0
3212,5,0
1643,5,1
480,3,1
2168,5,1
3669,2,1
1207,5,1
3718,3,1
978,4,0
2763,1,0
2587,3,1
1526,1,1
3942,3,0
162,3,1
878,1,0
3629,5,1
3123,4,0
1349,1,0
3076,3,0
3698,2,0
2140,2,1
1827,3,0
1904,2,1
2998,3,1
482,1,0
2136,3,1
113,2,1
515,1,1
1012,2,1
537,3,0
821,3,1
1370,3,0
2284,1,0
1349,2,0
1240,2,1
3962,5,1
126,1,1
2065,2,1
2983,4,0
1655,1,0
3305,3,1
2002,2,0
1583,5,0
2415,2,0
3526,3,0
1343,2,1
3312,2,1
1871,2,0
2807,2,1
1692,1,1
693,4,1
2982,2,1
1971,3,1
3175,3,0
3425,5,0
80,2,1
320,1,1
2573,4,1
2047,1,1
1943,3,1
1411,2,1
989,5,1
1322,5,0
1914,3,0
1673,1,0
3516,3,0
1054,3,0
1482,4,0
3741,5,1
2384,2,1
3412,5,0
2821,5,0
571,1,1
51,3,0
961,1,0
1153,2,1
375,1,1
3523,3,0
1766,5,0
3265,4,0
1982,3,1
143,5,1
1522,2,1
3764,5,0
1847,3,0
2378,5,1
3957,5,0
3189,2,0
2754,5,0
189,5,1
377,3,1
262,2,0
1769,5,0
791,1,0
506,1,1
912,2,0
580,1,0
2679,3,1
3410,5,1
1849,1,1
845,4,1
2668,1,1
736,5,0
1573,4,1
1984,1,0
1849,3,1
1310,2,0
686,2,0
1205,1,0
3248,1,0
2269,4,0
2455,5,1
1522,2,1
1002,1,1
1179,2,1
535,1,1
3805,1,0
3954,2,0
3195,2,1
1912,5,1
2847,2,0
3239,5,1
2818,2,1
3766,3,1
620,2,1
486,5,1
3152,3,0
1629,4,0
2985,5,1
2784,3,0
3871,3,1
3936,5,1
3463,3,0
869,3,1
1259,2,0
3998,4,0
3267,2,1
2067,1,0
3173,1,1
2990,3,0
2029,3,0
3704,3,0
1855,5,1
3470,1,1
1823,1,0
1182,3,0
2923,2,1
2099,2,1
3878,1,0
2025,2,0
3456,3,0
3699,1,0
3640,4,1
3187,1,1
834,3,0
785,1,0
1560,5,1
1218,1,0
609,3,0
385,3,1
2179,3,1
2186,3,0
3657,4,0
397,3,1
599,2,0
556,3,1
2337,3,1
3317,5,0
2106,4,1
764,5,1
1248,2,0
2811,1,1
3452,3,1
1226,5,0
2258,2,1
3007,2,1
368,1,1
3357,4,0
3671,5,1
3411,5,0
3221,5,0
3314,1,0
640,5,0
544,4,0
729,3,0
797,2,1
2898,4,0
3325,3,1
2318,3,1
3267,3,0
2768,3,0
1457,3,0
1153,1,1
3545,4,1
628,1,1
2542,5,1
961,3,0
3995,5,1
2297,3,0
2749,3,0
2854,1,1
1478,4,0
3552,1,1
1777,3,1
3135,3,0
2664,3,0
610,2,0
3224,5,1
1247,5,1
745,5,0
752,2,0
2060,1,1
141,3,0
1385,4,0
1072,2,1
3215,5,0
3825,5,0
769,3,1
2699,4,0
1196,5,0
1127,2,1
3212,1,0
707,2,1
2177,1,1
413,3,0
2929,1,1
2591,1,1
3189,3,1
3944,3,1
2292,3,0
2100,3,0
660,4,1
1733,5,1
674,4,0
3544,3,0
3258,3,1
1699,3,0
2236,5,0
3007,2,0
3579,3,1
1125,1,1
457,1,1
2579,4,1
1000,5,0
607,3,1
3632,4,1
3949,2,1
3739,3,1
1018,1,1
39,1,1
1054,5,0
1618,5,0
2700,2,0
3353,1,1
1263,1,0
2571,3,1
2961,3,1
1575,4,1
3075,3,1
1995,3,1
1475,5,0
3086,3,1
1609,2,0
2181,4,0
826,1,0
1995,3,1
2606,2,0
279,1,0
23,4,0
2526,2,0
1719,1,1
3548,2,1
1308,3,0
3617,3,0
2304,4,1
2926,1,1
531,2,1
3430,3,1
1765,3,1
1772,4,0
1460,2,1
1073,3,1
1671,3,1
2178,1,0
1195,2,1
980,5,0
3243,1,1
525,4,1
2608,2,0
1023,4,0
1704,5,0
698,3,0
1298,3,0
1469,3,0
1389,5,1
2565,3,0
3155,4,1
3030,3,1
2629,4,1
3813,5,1
2164,2,0
1567,3,1
3169,2,0
522,5,0
2247,1,0
1676,3,1
3787,3,0
3707,5,1
2849,1,0
1891,3,1
3649,5,1
3445,2,1
3232,1,1
3575,3,1
1334,2,1
1431,3,1
1419,1,0
1464,3,0
228,3,0
387,5,0
845,2,0
312,4,0
825,3,1
699,1,1
3246,1,0
838,3,1
3500,3,0
3858,5,0
3819,3,0
1689,4,0
2565,2,0
2028,5,1
3257,3,1
153,5,0
35,4,1
427,3,1
2348,1,1
687,5,1
1038,4,0
3231,3,0
3037,3,1
347,3,0
533,1,1
2414,1,0
1846,4,0
2391,3,0
2369,1,1
2556,4,0
3340,3,1
2636,3,1
38,3,1
3267,3,0
1108,3,1
198,4,0
428,3,0
2910,1,1
3628,2,0
3155,2,0
1580,3,1
274,5,1
1684,3,0
1715,1,0
2971,3,0
1610,2,1
1754,3,1
2686,1,1
2174,1,0
3519,5,0
2287,1,0
2641,4,0
2639,4,0
2962,2,0
194,3,1
3830,3,1
3113,3,0
1351,1,1
2992,3,1
3719,2,1
1703,4,0
3637,2,1
741,2,0
3651,3,1
3728,2,0
47,1,0
223,3,1
2221,1,0
36,3,1
275,5,1
2927,3,0
340,4,0
2808,1,0
386,1,1
3177,3,0
3171,3,1
2268,2,1
1438,1,1
2356,5,0
2596,1,1
2284,2,0
2844,5,1
566,3,1
565,3,1
1712,3,1
3954,3,0
1191,3,1
3911,2,1
2509,4,0
3311,5,0
1325,5,1
1798,3,0
762,2,0
3177,3,0
2693,1,1
466,4,1
3692,5,0
2763,2,0
446,3,1
2359,4,1
233,4,0
1738,1,0
2703,2,0
3487,3,0
782,1,1
1085,2,1
1398,3,1
3733,1,0
2841,1,0
2822,1,0
99,1,0
323,1,1
3131,3,1
3040,5,0
2716,3,1
424,1,0
1667,3,0
3159,1,0
1965,3,1
74,3,0
218,3,1
2114,4,0
2065,2,0
2567,3,1
1304,5,0
2698,2,1
2461,4,1
3785,1,1
2886,1,0
3661,4,0
1083,2,1
1479,1,1
2192,4,0
3264,3,0
3322,5,1
3480,3,0
3237,5,0
1811,4,0
3650,3,1
399,1,1
2580,2,1
3143,5,0
2587,3,0
3133,3,0
2404,2,0
1133,3,0
2968,1,0
3935,5,0
2001,1,1
1948,4,1
3154,1,1
1994,2,1
849,3,0
3366,3,0
1643,2,0
2422,2,0
254,3,1
1238,3,1
1103,3,1
2931,3,0
620,4,0
1658,1,0
1081,3,1
849,5,0
2805,5,0
1940,1,0
1716,1,1
1113,5,1
2164,1,0
876,2,0
3061,2,1
3328,3,0
1859,5,1
3202,3,0
3773,3,1
516,4,1
652,2,1
3934,3,0
2715,3,0
2279,4,1
1675,3,0
1051,1,0
2134,2,0
889,1,1
3991,4,0
2876,3,0
2616,1,0
1430,1,0
309,1,1
1926,3,1
1122,4,1
1349,4,1
2143,1,1
1306,1,0
723,4,1
2631,4,0
3571,1,1
1681,3,0
3891,1,1
3970,1,0
155,2,0
3484,1,1
653,3,0
2633,1,0
2304,3,1
2098,1,1
235,3,1
93,5,0
3789,3,1
2634,5,0
1168,2,0
570,3,0
171,3,1
3855,3,1
1239,3,1
3740,3,0
2959,1,0
3837,3,0
1905,1,1
1258,3,1
2692,3,0
3577,3,1
746,1,0
1677,5,1
1145,2,1
259,3,0
3439,4,0
3976,1,0
605,2,0
3624,2,1
576,5,1
466,1,0
3726,3,0
1715,1,0
2225,1,0
3335,3,1
989,1,1
1372,1,0
2272,5,0
3697,5,1
3801,2,0
1986,1,0
3609,2,0
2959,2,0
3693,1,0
2255,3,0
2851,5,0
3063,3,0
409,3,0
3046,4,0
2928,5,1
1611,5,1
194,3,1
3165,3,0
3476,2,0
66,1,0
3176,2,0
268,2,0
2587,5,1
2693,3,1
316,3,0
1617,4,0
1874,3,0
3091,5,0
3638,4,0
2565,2,1
1798,3,0
3418,2,1
2649,4,0
2896,1,1
762,3,0
3875,5,0
1182,5,0
1727,1,0
1477,3,1
2235,3,1
954,3,0
3106,3,0
3016,3,0
3351,4,0
1309,1,1
2992,3,1
1449,3,1
2209,3,1
3862,1,1
2788,3,1
1537,3,1
2536,1,0
3901,4,1
525,5,0
661,3,1
1370,5,0
1101,3,1
3928,1,1
1798,2,0
3822,3,0
3693,5,1
1053,1,1
965,2,1
2616,2,0
2816,2,0
3261,5,0
3879,3,1
2287,3,1
3319,3,1
2862,5,0
1932,1,1
3601,1,1
2596,2,0
3276,4,1
3392,2,1
1191,3,0
3595,1,0
1503,3,0
3003,1,0
3826,5,0
1738,3,0
1170,5,0
2666,3,1
1568,1,0
505,5,0
3435,5,0
3366,5,1
1372,3,0
785,1,0
2359,4,1
3807,1,0
1804,3,0
2984,1,1
274,3,0
152,3,0
285,2,0
2874,5,0
1017,1,1
2744,2,0
3457,2,1
1259,2,1
1246,3,0
3880,3,1
3584,4,0
2619,3,0
3254,3,1
2139,1,0
2697,3,0
2685,5,1
777,3,0
2428,1,0
159,1,1
2838,3,1
2516,5,0
488,5,1
3489,2,1
1139,3,0
3399,5,1
2768,1,0
3270,3,0
2243,3,1
2277,5,1
3197,3,0
1749,4,1
878,3,1
299,3,0
203,3,0
929,3,1
924,4,1
2355,3,1
751,3,1
249,1,0
1734,1,0
616,5,0
326,5,1
1821,3,1
1215,5,0
3274,2,0
722,1,0
1274,3,1
460,2,1
2799,4,1
3094,5,0
832,2,1
3629,5,1
3105,1,0
2736,1,0
3189,3,0
2029,3,0
3948,3,1
642,3,1
3701,4,1
168,5,1
481,4,0
1840,2,1
891,3,0
2543,1,0
2675,4,1
3985,5,1
1890,1,1
579,3,1
2765,4,1
3103,1,1
1467,2,0
3942,2,1
2827,4,0
923,1,0
74,3,0
798,3,1
250,2,0
1816,2,1
553,3,1
3964,2,1
3454,4,0
1082,3,1
2800,2,1
1661,1,0
1230,1,1
3867,3,0
298,1,0
1406,5,0
561,4,0
3809,3,1
548,5,1
3168,1,0
2248,4,0
2295,3,0
842,4,0
1528,5,0
1785,5,0
2202,3,1
1444,5,1
2624,3,1
2825,1,1
1118,4,0
2920,5,0
1800,3,1
2713,2,0
1978,2,1
1528,1,0
3956,1,1
2890,4,1
3498,3,0
592,3,1
1684,1,0
3246,4,1
670,4,1
446,3,0
264,2,0
2848,5,1
3435,1,0
798,3,0
713,3,0
2616,3,0
704,3,1
3455,2,0
2622,5,1
369,5,1
2762,5,0
587,3,1
3478,4,0
2122,5,1
3982,2,0
1459,3,1
3114,3,0
638,5,1
106,4,0
159,5,0
1723,3,1
3628,3,0
3917,1,1
2527,5,0
3441,1,0
3560,3,0
946,3,1
2031,3,0
3463,5,0
1259,4,1
1307,5,0
2588,1,1
1079,1,0
1971,2,1
194,5,1
1584,2,0
1348,3,1
616,3,0
2398,3,0
197,1,0
3704,1,0
1089,3,1
3019,5,1
2585,3,0
2848,3,0
2640,3,0
733,3,1
821,2,1
1168,1,1
1677,3,0
3151,1,1
8,4,1
3783,2,1
533,3,1
3654,3,0
2919,3,0
947,5,0
1284,3,0
600,3,0
667,3,0
118,1,1
326,4,0
1020,2,0
3365,4,1
69,3,1
2836,3,0
2513,3,1
2549,2,1
3094,3,0
3641,1,0
3659,3,0
2049,3,1
2519,5,0
2090,3,1
3366,5,1
3691,2,1
929,1,0
3487,3,1
998,1,0
1645,5,1
1983,2,1
475,3,1
3820,1,0
2834,5,0
3198,3,0
1188,5,0
723,5,0
2576,1,1
2406,2,1
3329,1,0
1184,1,1
1863,2,0
2661,4,1
2195,3,0
836,3,1
1825,1,1
1566,4,1
1285,1,1
1722,2,0
3438,5,1
833,1,0
2440,3,1
1116,3,1
380,3,0
1921,4,0
447,1,0
2077,3,1
2668,4,1
2633,2,1
548,3,1
93,3,0
3334,2,1
2938,1,1
1831,1,1
834,3,1
260,5,0
224,3,0
1577,3,0
286,1,0
3847,1,1
2100,1,1
1274,1,1
350,4,1
3853,3,0
2026,1,1
1618,5,0
1003,4,1
2717,1,0
600,3,1
2129,5,1
2451,1,1
3409,3,0
2238,3,0
370,3,0
1089,2,0
2208,4,0
3687,2,1
746,5,0
585,4,1
370,3,1
1187,2,0
602,2,1
8,3,1
3443,3,0
2099,5,1
3601,1,1
1709,5,1
1121,2,1
1713,3,1
3672,1,0
354,2,1
3698,3,1
1477,3,1
2709,1,1
2431,3,1
1349,1,0
884,1,0
3443,5,1
2454,2,1
2974,1,1
1602,3,1
2886,5,1
3223,4,1
1116,3,0
227,4,1
2584,2,0
1450,3,0
820,5,0
13,1,0
821,2,0
3603,2,1
3641,3,0
140,1,1
3377,2,0
429,1,1
1332,3,1
1897,3,1
321,2,1
949,4,1
405,3,0
3900,3,1
2845,3,0
1841,3,1
3620,2,1
2368,1,1
1277,3,1
506,2,0
2018,1,1
3378,1,1
978,5,0
681,2,1
2478,3,0
1681,3,1
1054,3,1
2244,5,0
1726,3,1
2635,3,1
431,5,0
1655,4,0
2554,5,0
1310,3,0
611,3,1
2555,4,1
3927,1,0
2167,4,0
3344,1,0
3133,3,1
2628,3,1
483,1,1
2503,3,0
716,1,0
2970,1,1
1892,1,1
210,1,0
226,2,1
3145,2,0
227,1,1
662,3,0
646,1,1
3810,1,1
3436,3,1
3711,5,0
581,3,1
1867,3,1
106,2,0
1792,2,0
1066,2,0
1350,3,1
172,2,0
365,5,0
1662,1,1
3642,4,1
471,3,0
3128,3,1
3865,3,0
372,2,1
2785,3,0
1866,1,0
2269,1,1
1999,1,0
1571,1,1
247,4,0
3041,1,0
941,5,0
367,4,0
987,3,1
3944,1,1
3580,3,0
2465,3,1
398,3,1
1645,1,0
2626,4,0
2107,3,1
2242,1,0
1416,3,1
3950,3,0
3380,5,1
773,3,0
2703,5,1
2296,3,1
2009,1,1
3017,2,0
573,1,1
3819,3,0
292,3,0
527,2,1
3526,5,1
779,1,0
2274,2,0
632,1,0
3218,2,0
3403,2,1
1051,5,1
3619,3,1
2675,1,0
3728,1,1
2765,3,0
362,5,0
1508,2,1
1563,2,0
2133,3,0
3993,3,0
3330,3,0
3803,5,1
2888,1,0
403,3,0
2478,3,0
2353,3,0
2184,1,0
1334,2,1
3938,1,0
295,2,1
1628,3,1
1493,3,0
1676,3,0
998,5,0
3841,2,0
3371,4,1
2008,3,1
3407,2,1
1220,3,1
3019,5,0
3521,3,1
3706,5,0
1183,4,1
2960,3,0
325,3,0
1558,4,1
3188,3,0
1385,4,0
3933,5,1
3007,5,0
2424,1,0
398,1,0
2674,1,0
2086,3,1
3945,1,1
943,5,1
3381,2,0
2946,3,0
352,2,0
369,3,0
2976,3,1
3997,5,1
3807,3,1
171,3,0
864,3,1
2951,1,1
1078,3,0
3319,5,0
2944,1,0
3841,5,1
2130,4,0
1373,2,1
2947,3,0
3097,3,0
1810,5,0
1454,3,0
1854,1,0
1313,5,0
1997,4,1
535,5,1
1006,5,0
3295,4,0
642,3,0
3750,2,1
2836,3,1
3809,3,1
3761,3,0
37,2,1
2038,5,0
97,4,0
1165,3,0
1348,5,0
3785,3,0
2465,5,1
3147,1,1
556,3,0
3102,3,1
3581,2,0
950,4,0
2620,4,0
2591,3,1
772,3,1
2219,1,0
1165,3,1
2486,5,0
3658,5,1
484,4,1
261,5,0
2212,3,1
1575,4,1
2914,5,0
3276,1,0
3219,3,0
3580,2,1
2855,4,1
260,3,0
2625,5,0
1043,3,1
2178,3,1
764,1,0
2035,2,1
1805,1,0
337,2,0
478,3,1
1602,3,0
3406,5,1
2158,3,0
727,5,0
477,1,0
124,5,0
1156,3,1
3536,3,0
2581,4,0
1691,2,1
2961,1,1
2362,3,1
428,3,0
706,2,1
3201,3,0
2430,3,0
2890,3,0
3397,3,0
1815,5,1
1815,1,0
3981,3,0
3776,5,1
85,1,1
1878,1,0
165,5,1
320,3,0
1093,3,1
1591,3,0
1225,5,0
2866,3,1
3743,2,0
262,3,1
3071,3,1
3509,3,0
351,3,0
2209,2,1
948,3,0
1738,3,0
3426,3,0
1587,3,0
3630,3,0
3323,1,1
509,3,0
1990,1,1
278,2,0
3932,2,1
3960,4,1
1499,3,1
1705,3,1
3004,1,1
3824,3,0
2758,3,1
69,5,1
1587,3,0
513,5,1
3354,5,0
3028,5,1
3235,3,0
576,2,0
1666,2,0
3563,5,1
1041,5,0
2847,3,1
683,3,1
790,5,0
832,3,1
1375,3,0
355,5,0
2003,3,1
3085,2,0
1026,1,1
2336,3,1
3062,2,0
1242,3,0
3020,3,0
1868,5,0
1207,3,1
3335,3,1
2072,4,1
637,3,1
765,3,1
2981,3,0
2748,2,1
1847,2,0
317,5,0
435,1,1
799,3,1
1570,3,1
710,1,0
383,3,0
189,5,0
2855,3,1
2478,3,1
1424,3,1
3388,5,1
3768,3,0
3906,4,0
411,2,0
2383,1,0
2491,5,0
1007,2,0
923,1,1
2565,2,1
271,5,0
3843,2,1
2936,1,1
3187,3,0
1768,3,0
2811,5,1
1367,3,1
2091,5,1
2843,5,0
1842,5,0
3817,5,0
1135,1,1
92,5,0
3755,3,1
2425,5,0
3284,5,1
1788,2,1
2438,4,0
3007,1,1
5,4,0
3627,2,0
2970,3,1
1949,5,0
1352,2,0
3733,1,1
994,3,1
3355,2,1
2586,3,0
3713,4,0
1792,3,0
3692,3,1
291,3,0
3694,4,0
2106,3,0
3024,3,1
675,4,0
1379,2,0
2143,4,1
644,5,0
225,1,0
1569,5,1
2460,3,0
994,3,1
3158,1,1
2859,3,1
1203,2,1
234,5,0
2187,3,0
3751,2,0
3502,1,1
3123,5,0
2380,2,0
2969,5,1
306,4,0
1770,2,0
2652,2,1
864,4,1
137,1,1
1424,3,1
3234,4,1
1626,3,0
3992,2,0
400,1,1
3631,5,0
3020,3,1
188,4,0
2711,3,1
3422,5,0
713,3,0
2496,1,1
3257,2,0
1364,3,0
3076,5,0
929,1,1
2434,1,1
44,4,0
2183,5,1
1672,1,1
1405,3,1
2330,5,0
647,5,1
3265,5,1
758,5,1
3651,2,1
2607,5,0
2070,2,0
3651,3,0
1827,3,0
283,1,0
2709,4,0
693,1,0
427,5,1
2886,5,1
83,1,0
1271,3,1
3164,4,1
2270,2,0
900,2,1
3870,1,0
1311,3,0
2917,2,0
3198,2,1
2412,1,1
3077,1,1
2017,5,0
677,1,0
3983,1,1
3169,1,1
1159,2,0
3908,5,1
203,3,0
2094,2,1
963,4,1
1325,1,0
3764,2,0
1047,1,1
2624,4,1
3947,2,1
735,3,1
642,1,1
2817,2,0
1506,3,0
725,2,1
2606,5,0
1405,1,0
2423,5,1
3843,3,1
3502,1,0
617,5,1
12,3,1
2211,3,0
634,5,0
2211,3,0
1007,3,0
998,3,0
455,1,1
1694,3,0
3618,1,0
1649,5,0
1581,5,0
3054,4,1
3858,5,0
1280,4,0
1363,1,1
488,5,1
3650,1,0
1924,5,0
3677,3,0
1360,5,1
2656,3,1
1184,2,1
3856,3,0
3444,3,1
1025,1,0
290,4,1
2094,2,1
2258,3,1
3171,4,1
1427,3,1
2422,5,0
1287,2,0
1284,1,0
2611,5,1
1681,3,1
1978,3,0
3367,5,0
1692,4,1
1933,4,1
3550,1,0
2855,1,0
1294,3,1
785,3,1
783,5,0
1252,1,0
2236,3,0
3013,2,0
2587,1,1
3340,4,0
423,4,1
1283,3,1
2801,5,1
2151,3,1
1347,3,0
1004,1,0
1699,3,1
759,1,1
3552,3,1
487,1,1
3726,4,1
2760,3,1
1910,3,1
1939,2,1
155,1,0
3486,4,1
548,2,0
3391,1,0
1621,5,1
784,1,1
347,5,0
2621,1,0
2258,1,1
3115,3,1
2230,1,1
332,3,0
3246,5,0
524,3,1
200,1,0
1557,3,0
3977,2,1
3731,1,0
2342,1,0
2932,3,0
471,1,1
2922,2,1
3949,1,0
1419,3,0
2598,5,0
3496,4,1
3160,2,1
2523,3,0
285,5,1
531,2,0
810,2,1
720,5,0
2757,1,0
2150,3,1
1901,4,1
121,1,0
2992,4,0
490,3,1
1663,3,0
1447,3,1
297,2,0
1299,3,1
3516,1,0
724,3,0
3288,3,0
2685,1,0
658,3,1
3948,4,0
3081,3,1
2440,3,0
1237,3,1
3417,2,1
3567,3,0
3330,1,0
2664,2,1
687,2,1
2844,3,0
2202,5,0
1794,1,0
2561,3,0
2651,5,1
38,3,1
3938,3,1
2570,3,1
1067,3,1
1555,3,0
1114,4,1
2287,2,0
1844,3,1
3440,2,1
3043,1,0
1232,2,0
675,5,1
2538,1,0
1700,1,0
1826,3,0
3084,1,1
2829,5,0
851,3,1
3346,3,0
1664,5,0
1327,5,1
1956,2,0
2043,1,0
2710,1,1
2293,2,0
1073,1,1
2051,1,0
2989,3,0
972,1,0
56,3,1
1396,1,0
3950,4,0
1305,3,1
728,3,1
3171,4,1
3947,1,0
3043,5,1
2323,4,1
1404,3,0
3523,1,1
1686,5,0
3470,1,0
1732,5,0
1261,5,1
1731,3,0
2506,1,1
592,2,1
195,1,1
3763,5,0
1003,4,1
1734,1,1
1816,2,0
3143,4,1
1063,3,1
1723,1,0
191,3,1
150,3,1
2211,3,1
535,2,1
3807,1,1
641,4,1
393,1,0
350,3,0
1905,1,1
2926,3,0
2111,3,1
3709,2,0
3008,4,0
1250,3,0
881,3,1
3754,3,0
3040,4,0
2392,4,1
2739,1,0
756,1,0
2117,4,1
3185,2,1
3589,3,0
2845,5,0
2336,4,1
3299,3,0
1916,3,1
1596,3,1
400,3,1
2670,3,1
1214,2,0
3002,4,0
1787,3,1
1675,5,0
1302,3,0
2053,3,1
153,3,1
1159,2,1
1139,2,0
3039,1,0
299,4,1
3148,2,0
2174,4,0
1993,1,0
106,3,1
1505,2,0
3092,2,1
668,2,0
2476,1,0
455,3,0
290,5,0
1704,2,1
1450,1,0
891,2,1
163,5,0
3091,5,0
2026,5,0
1438,2,1
98,3,0
3753,4,1
750,3,1
2417,3,0
627,1,1
342,3,1
2888,2,1
198,2,0
889,3,0
1254,1,1
3306,1,1
1529,2,0
3926,3,1
3685,4,1
2769,3,1
1875,5,1
888,2,0
1810,5,1
1446,5,1
170,3,1
3409,2,0
281,3,1
3827,3,0
3184,2,1
2024,5,0
2066,5,0
234,3,0
229,3,1
1366,3,1
635,3,0
471,3,0
3853,4,1
3505,2,0
2206,4,1
595,1,1
2664,2,0
2422,3,1
445,1,0
3932,5,0
2211,5,0
1193,1,0
3065,5,1
1760,1,0
461,3,1
733,3,0
2709,3,0
770,5,0
2356,3,0
2027,3,0
1589,1,1
2068,3,1
2533,2,1
2699,4,1
2323,4,1
3220,3,1
1213,4,0
2338,5,0
596,3,0
1351,2,0
3298,2,0
296,3,1
3736,3,1
2232,1,0
2908,3,0
819,5,0
2716,3,0
1161,3,0
401,3,1
3839,5,1
2888,5,1
1295,1,0
3655,1,1
153,3,0
1614,3,1
1081,2,0
1636,3,1
2211,1,0
1912,1,0
3330,3,1
126,3,0
2906,3,1
622,3,0
3049,2,0
188,4,1
2238,1,1
2633,4,0
2902,5,1
389,3,1
2896,2,1
927,4,1
1159,4,1
407,3,1
2236,3,1
2390,5,0
3346,5,1
807,3,1
1680,2,1
2174,5,1
1799,5,1
87,3,0
1020,5,1
3,2,1
329,3,1
2981,3,1
2042,5,1
3702,3,0
1234,1,1
1567,1,1
1781,2,1
3020,2,0
602,3,1
2245,4,1
1074,5,0
623,3,1
3167,3,1
1721,4,0
1107,2,1
2696,2,1
390,3,0
700,3,0
460,3,0
3469,2,0
2764,1,1
3812,3,1
3884,2,1
2573,3,1
3183,2,0
308,2,0
3525,4,1
1270,3,0
2147,3,1
2310,5,0
2976,4,0
3960,5,1
657,3,0
3088,1,0
1485,2,1
1278,2,1
2991,3,0
2280,5,1
280,3,0
1492,5,0
1487,4,1
444,5,0
3589,1,1
1455,3,1
1114,5,1
1542,3,0
1927,1,0
955,5,0
2269,1,1
2161,3,1
247,1,0
371,3,1
2680,2,1
1810,3,1
995,3,1
3723,3,1
1386,3,1
3320,2,1
2046,1,0
1179,3,0
3347,1,1
194,3,1
1848,2,1
2784,3,1
1068,3,1
159,5,0
3486,1,0
1206,5,1
2553,3,0
3245,3,0
3888,3,0
2622,5,0
2040,3,1
274,3,1
2296,2,1
3440,5,1
3823,1,0
808,2,0
251,3,1
2626,5,0
795,3,1
611,1,1
2903,1,0
776,3,1
3121,1,1
3550,5,1
3296,5,1
3819,5,0
2184,3,0
656,5,0
2646,3,1
103,2,0
2465,1,1
3270,3,1
2032,1,0
2808,3,1
3719,3,0
1114,2,0
3155,1,1
2644,4,0
3614,2,1
2396,3,0
1188,5,0
3729,2,1
691,1,1
433,2,1
2636,3,1
2624,1,1
2829,2,0
2391,5,1
120,3,0
1482,1,0
3003,1,1
1108,1,0
1884,1,0
367,3,0
3309,3,1
1947,3,1
3499,3,1
406,3,0
1658,4,0
566,5,1
3072,4,0
1246,3,0
3746,2,0
3100,1,1
2813,4,0
337,3,1
1609,1,1
1983,5,1
3677,3,0
3025,4,1
2780,3,1
3134,1,0
2073,4,1
3378,2,1
2243,1,0
1699,3,0
1441,3,1
3706,1,0
524,3,0
395,3,0
1312,3,0
1028,1,0
1516,3,1
1756,2,1
1888,5,0
384,1,0
2732,1,1
3898,3,1
11,2,1
3003,1,0
2203,5,1
3016,5,1
1943,5,0
443,5,1
216,3,0
427,3,0
3027,4,0
3343,2,0
336,5,1
1023,4,0
3566,5,0
1758,3,0
3639,5,1
1204,2,1
2468,1,1
84,1,0
1228,3,0
3448,1,1
914,3,0
3674,3,1
287,2,1
2114,3,0
1827,3,1
1271,5,1
2617,5,0
487,3,0
1762,3,1
2300,2,0
88,5,0
2404,3,1
2137,3,1
1992,2,1
3480,1,1
2222,1,1
1775,5,0
2540,5,1
1454,1,0
217,3,0
3077,5,0
46,3,0
3636,5,0
2680,3,1
423,1,0
1477,1,0
2974,3,0
1451,2,1
1832,1,1
191,2,0
3711,1,1
3544,1,0
918,3,0
1338,5,1
3248,1,0
3185,1,1
1663,2,0
757,1,0
2652,5,1
2383,2,0
3839,1,1
646,2,0
1152,2,0
156,5,1
628,1,1
324,5,0
1209,3,0
3267,1,0
843,5,0
1857,3,0
1328,3,1
2680,2,0
2918,4,0
2134,3,0
1170,2,1
1355,3,1
1774,1,0
1385,2,1
50,3,0
1658,1,1
1550,5,0
904,4,0
330,5,1
3468,2,0
1521,2,0
923,3,0
1947,3,0
1727,5,1
3824,1,1
2813,3,0
955,5,0
826,2,1
1147,2,0
3974,1,0
1083,3,0
571,4,0
2049,3,0
1326,1,1
2305,3,1
2692,1,0
2486,2,1
2700,1,0
2632,2,1
3124,3,0
3622,2,0
2369,1,0
2744,3,0
3874,3,1
834,3,0
3169,3,0
996,5,0
1902,1,0
2013,5,0
2338,2,1
594,2,0
1868,3,1
2073,2,0
320,4,1
411,3,1
3916,5,0
3388,3,1
980,3,1
139,4,0
836,2,1
2732,3,0
3824,3,1
2668,3,1
2748,3,1
459,3,1
3431,5,0
1902,4,1
1754,4,1
1096,1,1
2862,3,1
1619,3,1
1695,3,0
3636,3,0
2398,3,0
3927,2,1
1021,4,0
918,3,0
824,3,0
1408,3,0
3489,3,1
1842,4,1
2887,3,0
1369,2,0
1210,3,1
3398,1,1
3730,1,1
3084,1,0
1457,4,1
1694,3,1
3171,3,0
234,4,1
1714,5,0
419,2,0
1359,1,1
1126,1,1
3195,1,1
1151,3,0
1500,3,0
962,4,0
2195,4,1
3551,5,0
103,1,0
3723,4,1
2331,1,0
1137,1,0
2460,3,0
2790,1,0
644,3,1
440,2,0
463,3,1
3184,2,0
2533,2,0
2857,1,0
3902,4,1
1876,1,1
3490,5,1
197,2,1
3583,1,1
1057,5,0
3178,2,1
2409,2,1
381,1,0
2902,3,0
3458,2,0
409,4,0
368,5,0
3314,3,1
3673,3,0
3302,2,0
252,5,1
1105,1,0
1497,1,1
3973,1,1
1890,3,1
2059,4,1
1235,1,0
3548,1,0
1245,2,0
1368,5,1
552,3,1
1600,5,1
3956,5,0
307,1,0
1845,2,1
2443,1,1
2488,5,1
738,1,0
2122,3,0
852,3,0
3082,3,0
254,3,1
76,3,1
2014,5,1
1430,4,0
3314,2,0
553,3,1
2972,3,0
3743,4,1
2990,2,0
769,3,1
1043,3,0
2125,2,0
3775,2,0
2774,1,0
404,3,0
3017,3,1
3415,3,0
589,4,0
954,1,0
2712,3,0
438,3,0
1696,2,1
3823,2,1
6,3,0
3832,4,1
2982,4,0
2343,3,1
2066,2,0
2179,4,1
1490,2,1
3743,1,1
2819,4,0
813,2,0
1409,5,0
99,1,1
93,3,0
1498,3,1
1203,5,1
2265,4,1
626,5,0
3278,3,0
1615,3,0
236,2,0
280,2,0
43,1,1
1701,3,1
2226,1,1
3540,1,1
2612,5,0
852,3,0
2871,5,0
1481,1,1
470,3,0
242,5,0
1095,5,1
806,5,1
1940,1,0
168,3,1
1787,3,0
529,3,0
2554,5,0
1696,3,1
2262,5,0
2036,4,0
634,2,1
411,3,1
310,4,0
821,5,0
2325,2,0
2838,1,1
114,1,0
3419,3,1
2589,2,1
1497,2,0
2676,2,1
656,3,0
1241,3,1
3674,3,0
3228,3,0
2275,3,1
33,2,0
1880,3,1
3504,3,0
416,3,1
1308,4,0
3653,2,0
446,2,0
3050,2,0
236,3,1
2452,5,0
2229,1,0
963,1,1
1960,1,1
2623,1,1
40,3,1
2987,1,1
1478,1,1
1740,2,1
1447,1,1
1722,1,0
3512,5,1
1670,2,1
2601,5,1
629,4,0
1412,3,0
2320,1,1
736,5,0
3166,5,0
3916,2,0
471,4,1
1353,5,1
3583,4,1
3411,1,1
2162,5,0
543,2,0
3932,2,0
1363,3,1
23,3,0
3883,3,0
2570,5,1
866,3,1
24,3,1
3161,2,1
1371,3,0
807,1,1
2516,3,0
3705,3,1
3207,1,0
3569,3,0
1562,3,1
3492,3,0
271,2,1
3428,3,1
2167,3,1
2240,5,1
2907,2,0
1576,1,0
1543,3,1
3944,5,1
1843,3,0
2295,3,1
2125,1,1
1737,4,0
1891,5,1
3427,1,1
2062,1,0
88,3,1
1680,5,1
478,3,0
3730,1,0
1565,4,1
743,3,1
852,3,0
2428,5,1
4000,3,1
3937,3,1
1946,2,0
2431,4,0
1970,3,0
3840,1,0
2430,5,0
3937,5,1
1962,5,1
3322,1,0
2493,3,1
3275,3,1
2257,3,0
1164,4,0
601,1,0
909,3,1
2257,3,1
2824,2,1
269,4,0
2480,3,1
728,3,0
3286,4,0
189,1,0
341,1,1
3554,4,0
1247,3,0
2746,3,0
3766,2,0
3461,4,1
721,4,0
279,3,1
2301,3,0
1734,3,0
2076,2,0
877,2,0
3047,1,1
1016,1,0
593,5,0
1901,3,1
3845,3,1
755,1,0
3515,4,0
3,3,0
1634,2,0
1627,3,0
803,4,0
3153,1,0
1149,1,1
1351,5,0
772,5,1
2951,4,0
260,1,0
3622,3,0
2850,3,0
3443,2,1
1930,1,1
116,5,0
2529,1,1
1659,1,1
3200,2,0
1672,2,1
704,4,0
3287,3,0
9,2,0
1305,3,1
208,3,0
2534,3,0
825,5,1
360,1,0
1224,5,0
2590,3,0
1892,1,1
10,3,0
616,3,1
2831,1,1
2463,1,1
325,1,1
2283,1,0
2346,1,0
2477,1,0
3482,3,1
1891,2,1
1289,3,0
3457,1,0
65,1,0
2465,5,1
3026,5,0
1259,5,0
2262,3,0
3751,2,0
3519,3,1
3018,1,0
1001,3,1
758,4,0
70,3,1
3622,5,1
1927,2,0
66,1,0
2998,1,1
8,4,1
1064,3,1
2424,3,0
746,4,1
2648,4,0
2322,1,0
638,3,0
1949,4,1
578,1,0
2753,3,0
3132,2,1
295,4,1
2175,1,0
3200,3,1
1558,5,1
150,2,0
3489,1,0
2341,1,1
3237,3,1
2517,3,0
1660,5,1
2513,3,0
1169,5,0
1083,2,1
1451,5,0
1103,2,1
623,1,1
155,3,1
1872,5,1
2235,5,0
1465,3,0
2548,4,0
3127,2,1
1347,3,0
1361,1,0
3276,3,1
3216,1,0
3192,5,0
3584,3,0
1553,3,0
3060,3,1
2953,5,0
1360,3,0
2066,2,1
19,1,0
1168,3,0
3664,4,0
1197,2,0
2730,2,1
1023,2,1
1488,2,1
1967,5,0
1796,1,1
797,3,1
3234,1,1
82,5,0
2051,5,1
2828,3,0
3883,3,0
3206,2,0
194,3,1
1626,4,0
1155,1,0
1820,2,0
1737,1,1
1947,4,0
1208,1,0
2527,3,1
602,1,1
1736,4,0
308,5,0
698,5,0
1579,3,0
2529,3,1
1016,2,0
1036,3,1
2925,2,0
3058,1,0
299,5,0
1622,5,1
1695,3,0
575,2,0
3823,4,0
360,3,0
1886,3,0
2474,3,1
78,5,0
3946,1,1
2372,1,0
1431,5,0
3437,5,0
1154,5,0
2831,5,1
3583,3,0
2111,5,1
1709,2,1
977,5,0
3238,1,0
3229,3,1
1915,3,0
2778,3,0
1014,1,1
3983,5,0
1820,2,0
1394,3,1
2385,5,0
3974,1,0
3214,3,1
3544,5,1
1501,3,0
2358,2,1
3696,3,1
446,2,0
2262,5,1
396,3,0
299,2,0
1764,3,0
2757,5,1
2105,3,1
1259,4,0
555,2,1
2805,5,1
882,3,1
2304,1,0
841,3,0
3405,2,0
1729,5,1
3131,3,0
499,1,0
2112,5,1
3709,3,0
3936,1,1
2695,1,0
3173,1,0
1790,1,1
486,5,0
675,3,0
3757,5,0
1420,2,1
1570,3,0
1487,1,1
3414,2,0
19,5,1
1885,3,0
777,4,1
3337,1,0
1861,4,0
2650,3,0
3541,3,1
1345,1,0
708,5,0
1117,2,1
2148,3,1
1464,1,0
3069,4,1
3249,1,0
863,1,0
1161,2,1
850,3,0
247,4,1
2058,3,0
842,3,0
1097,5,1
2612,3,1
659,3,1
296,1,0
3441,2,1
2233,1,1
1997,3,1
2679,5,0
3374,2,1
967,5,1
3198,5,1
1600,4,1
917,1,0
1083,1,1
3664,3,0
365,1,0
3753,4,0
247,4,0
2046,3,0
639,5,1
1917,2,1
3422,5,0
2140,5,1
21,3,1
3641,3,1
2568,2,0
3409,5,0
755,1,0
3274,1,0
3755,1,1
43,3,1
3195,3,1
3602,1,0
3397,1,0
2989,4,0
136,2,1
992,2,0
2182,5,1
1672,3,0
2895,2,1
3536,2,1
534,5,0
451,2,0
2229,1,0
1606,3,1
1511,1,1
1235,1,0
684,3,0
2769,3,0
407,2,1
3846,3,1
2931,2,0
1145,4,1
700,2,0
2989,4,1
1372,4,1
2659,1,1
1608,3,0
2773,1,0
2505,1,1
2804,1,0
1319,5,0
3458,1,1
181,5,1
195,3,1
2638,3,1
2103,1,1
890,3,0
621,3,0
3244,2,1
2555,5,1
925,3,1
1433,2,0
1420,4,1
2869,3,1
3826,1,0
12,4,1
249,3,1
3896,2,0
477,3,0
1740,3,1
590,5,1
1228,3,1
3056,5,1
3156,3,1
3158,1,0
2076,1,0
3128,3,0
3357,5,1
3127,3,0
861,3,0
3395,2,1
1142,1,1
1145,3,1
1107,2,0
1097,3,1
916,5,0
3359,3,0
793,1,0
318,3,1
1682,3,0
2973,5,1
36,2,1
2724,5,1
994,3,0
3360,1,1
764,2,0
58,4,1
2671,5,0
757,4,1
2119,5,1
724,3,0
1970,3,0
307,1,0
3970,1,0
3461,4,1
887,1,0
178,3,0
642,1,1
2460,1,0
82,1,1
2269,5,0
792,2,0
1096,2,0
2919,1,0
2327,2,0
2087,3,0
159,1,0
1383,1,1
2318,3,1
482,3,0
1450,2,1
1547,1,0
1727,3,0
1448,3,0
837,3,1
2109,5,0
1286,4,1
3219,4,1
3871,3,0
1429,2,0
562,3,1
295,1,0
37,2,0
1456,3,0
2334,1,0
3461,5,1
2347,1,0
1728,1,0
3390,2,1
778,2,0
624,3,0
2504,1,1
741,3,1
666,1,1
1187,3,1
358,1,0
866,4,0
2814,1,1
2748,3,0
3603,5,0
2731,3,1
1615,1,0
475,4,0
1849,3,1
2051,4,0
3301,3,0
3123,4,0
1502,2,0
2919,3,1
1307,3,0
1327,2,0
3047,2,0
3069,2,0
3472,3,1
165,5,1
3271,2,0
2563,5,1
1251,3,1
1016,3,1
1002,3,1
3895,5,1
3591,3,0
1188,5,0
3571,5,0
1101,1,1
2271,1,0
2917,5,1
3292,5,0
3750,2,1
480,5,1
2370,1,1
2695,3,0
1879,5,0
1034,3,0
2289,2,0
546,4,1
3451,2,0
2068,3,0
1984,5,1
2146,3,1
397,3,0
3469,3,0
2614,3,0
1246,3,1
2442,3,1
2572,4,0
2768,3,1
927,3,0
154,1,1
3097,3,1
3395,3,1
3833,5,0
1133,5,1
2633,3,0
2332,5,0
664,3,0
2110,2,0
1306,2,0
138,2,1
354,5,0
475,2,0
24,5,1
1129,3,1
2801,3,1
1141,5,1
3616,4,0
2632,1,0
3860,5,0
3146,3,1
853,1,0
1477,5,1
2829,3,0
1475,2,1
33,5,0
485,1,1
2051,1,1
2578,3,1
3820,2,0
1276,3,1
514,2,0
2106,3,0
2829,1,1
3860,5,1
3949,2,1
2640,1,1
1996,5,0
1921,1,0
3096,2,1
3539,4,0
1638,2,1
1069,1,1
524,3,1
1286,3,0
40,3,1
1606,1,1
1128,2,1
1044,2,1
2883,1,1
3727,1,1
3412,2,0
805,4,0
3898,5,0
2734,1,0
1290,3,0
3787,3,0
2491,3,0
2207,5,1
12,2,0
2086,5,1
3487,1,1
839,5,1
3039,3,0
729,3,1
3049,2,0
2438,2,1
1179,3,0
3409,2,0
161,2,0
3411,1,0
1647,2,1
3599,3,1
198,5,0
1408,1,0
613,1,1
2907,2,0
1678,3,0
2317,3,0
722,3,0
2654,2,0
1285,1,0
2583,3,0
1493,2,1
541,3,0
952,5,1
2957,5,1
1413,3,1
1073,1,0
346,3,0
542,4,1
249,3,1
408,3,0
2478,1,0
1668,3,0
75,2,0
1183,5,1
1079,2,1
35,4,0
1181,3,1
3289,3,1
825,1,0
3982,5,0
3080,1,0
615,3,0
2167,3,1
2489,1,1
166,1,0
2630,1,0
900,3,0
1177,4,0
603,2,1
3213,3,1
3265,3,0
711,3,0
2315,4,0
2415,1,0
526,1,0
1361,4,1
1553,2,1
3628,1,0
2658,2,1
437,3,1
1224,1,1
1912,5,1
1625,1,1
516,3,0
703,1,0
3626,4,0
1471,3,0
2052,2,0
3446,3,1
2035,3,1
1243,2,0
2740,3,1
2381,3,0
515,1,0
2544,4,0
3361,3,0
2926,2,0
1583,5,0
2818,3,1
3858,3,0
3593,5,0
207,3,0
2018,1,0
3747,4,0
3271,2,0
1625,5,0
1733,4,0
603,2,0
3137,5,0
504,3,0
1283,5,1
2049,1,1
3985,4,1
884,3,1
3954,3,0
3377,3,1
936,3,1
1729,2,0
1405,1,1
2193,4,0
2201,5,0
239,3,1
462,5,1
1755,2,1
2592,5,0
2474,1,0
2395,1,0
2237,3,1
2938,1,1
40,2,0
2503,1,1
2939,1,0
2808,2,1
3913,3,1
2277,3,1
828,4,1
3783,5,0
925,3,1
401,4,0
779,2,1
1760,1,0
788,1,1
2586,3,1
2091,1,0
3445,5,0
2706,5,1
979,3,0
27,2,0
3665,5,0
2078,2,1
1211,3,1
1729,5,0
217,1,0
3499,3,1
1232,3,1
3626,3,1
123,3,0
1961,1,0
3873,3,1
753,2,0
2051,2,1
2060,2,1
2275,1,1
356,2,0
2871,3,0
159,4,1
3932,5,0
1587,5,1
2436,3,1
1371,2,1
1112,2,1
1994,2,1
769,3,1
2667,5,1
2379,3,0
3703,5,0
2182,1,1
1409,5,1
1432,3,0
1747,3,0
2827,2,1
3221,5,1
89,3,0
494,4,1
2265,4,1
905,2,1
1632,3,0
2791,2,0
2552,1,0
553,5,0
742,3,1
2988,3,0
1528,2,0
2159,5,1
932,1,0
1034,5,1
3160,2,0
74,5,1
2580,3,1
2762,3,1
3705,3,1
749,3,0
1771,1,1
596,1,0
1053,2,0
2708,3,0
588,3,0
1138,2,1
2072,5,1
913,3,0
1710,1,0
1339,3,0
568,1,1
2607,1,0
2961,5,0
608,3,0
946,2,0
2685,3,0
2184,3,0
2069,4,0
255,3,1
1300,4,1
2213,5,0
2178,1,1
153,2,1
3959,3,1
3513,5,1
1377,5,1
2564,4,1
328,2,0
277,4,1
1300,4,0
2697,3,0
440,4,1
3605,3,0
1392,4,1
2837,2,1
2244,5,1
1361,5,0
1553,3,0
1795,1,0
77,3,0
1155,1,1
592,2,1
3477,3,1
2420,1,0
2130,1,0
397,3,1
943,3,1
3194,3,0
401,2,1
1206,4,0
2245,1,0
2528,3,1
590,4,1
1346,1,1
1875,3,1
2242,5,1
2303,4,0
2800,2,0
2852,3,1
470,3,1
939,3,1
3545,5,0
135,3,0
2372,3,1
2037,3,1
2605,5,0
2919,1,0
2492,4,0
2985,4,1
1911,5,1
3644,3,1
3815,3,0
2335,3,1
1412,1,1
2084,4,0
1745,4,0
303,3,1
116,2,1
3799,1,1
1434,2,1
2812,5,1
917,3,1
2550,3,0
2826,5,0
2001,2,0
1205,5,1
3434,5,0
2298,2,1
2057,3,0
1141,4,1
1126,4,1
649,3,1
2162,4,1
949,1,0
2938,1,0
3076,3,1
3751,1,1
1382,1,0
288,4,0
1364,3,1
2580,1,1
936,5,0
910,5,0
1442,2,1
2448,5,0
1371,1,1
3222,3,0
3556,2,0
1325,1,0
241,5,0
3658,4,0
682,3,1
3066,3,0
2231,5,1
800,1,1
3821,3,1
2188,1,1
875,2,1
448,4,1
932,2,1
1085,3,1
1699,4,1
3081,3,0
3367,3,0
3747,3,1
848,3,0
1994,5,1
42,2,0
2682,3,0
2582,2,0
1056,2,1
249,4,0
219,5,0
2881,1,1
889,1,0
3100,1,0
200,1,1
3585,2,0
1693,4,0
3777,1,1
3764,4,0
3692,5,1
3107,2,1
3073,2,0
2216,4,0
2568,3,0
2568,3,1
501,2,1
2658,5,1
2813,2,1
1582,3,0
305,3,0
3553,3,0
757,2,0
2101,3,1
665,2,0
3407,3,1
640,5,1
1345,3,1
2964,1,1
1337,5,0
1278,3,1
69,4,0
754,3,1
3249,1,1
627,3,0
2031,3,0
1652,2,0
1264,3,0
3199,1,0
3197,1,0
1524,1,0
318,5,0
1769,1,0
3446,3,1
2709,1,1
3362,3,1
16,3,1
1720,3,1
1573,2,0
2535,3,0
2910,4,1
679,2,1
1042,2,0
2899,3,1
2593,5,0
839,5,0
564,3,1
1210,5,1
925,5,0
261,2,1
108,3,0
3162,1,0
3328,1,0
3562,1,0
622,3,1
2578,2,1
3417,5,0
2426,4,0
3504,3,1
2404,3,1
2050,2,1
2164,5,0
2663,3,0
819,3,1
281,5,0
1690,1,1
2924,3,1
3626,4,0
3469,3,1
1815,1,0
3063,2,0
438,3,0
1448,5,0
1247,3,0
1504,3,0
3561,4,0
1997,3,0
1819,2,1
2083,4,0
177,4,0
1331,3,1
1184,4,1
3777,3,0
3169,2,1
1909,3,1
1715,2,1
940,3,0
1143,3,0
1629,4,1
2156,5,0
1853,5,0
17,3,1
1948,2,0
2045,3,1
2611,3,0
1447,3,0
841,3,0
1333,2,1
3134,3,1
766,3,0
3043,1,1
2868,5,0
2592,1,1
44,4,1
3022,3,0
277,5,0
1344,2,0
351,1,0
170,2,1
3246,5,0
1920,1,0
1523,5,1
1981,2,0
3910,5,1
1374,2,1
3605,2,1
1878,3,0
2465,5,0
2650,5,1
423,5,1
866,3,0
880,5,0
2823,4,0
2836,1,0
406,3,1
2613,2,0
544,2,0
920,4,1
440,4,1
785,3,0
3489,4,1
3244,3,0
2746,1,0
3753,5,1
1234,2,1
3246,4,0
1810,5,0
569,4,0
168,5,1
3022,5,0
3436,3,1
3699,2,0
1653,1,0
401,5,0
2632,5,0
998,1,1
3570,4,1
3907,1,1
968,4,1
482,3,1
3695,3,0
1554,1,0
1667,3,1
1168,5,1
3803,4,1
2072,3,0
344,2,0
1827,1,0
3176,4,1
1696,2,1
847,3,1
708,2,0
642,2,1
517,3,1
298,2,0
1331,3,0
3127,3,1
1108,1,1
2846,3,1
3690,1,1
263,3,1
924,1,1
2281,3,0
1642,3,0
245,1,1
923,3,1
3891,4,0
2299,1,0
3701,4,1
2077,3,0
2861,2,0
1619,4,0
3293,1,0
3685,1,0
1272,5,1
3414,5,1
380,5,0
3166,3,1
337,5,0
3270,3,1
4000,3,1
207,5,1
2060,1,0
266,3,1
3557,4,0
2626,2,1
52,2,1
2656,1,1
2273,3,1
917,3,1
3403,1,1
1397,5,0
1369,3,0
2620,2,0
1710,3,1
2727,5,1
1550,3,1
670,3,1
3130,2,0
3065,3,1
1675,2,0
675,1,0
2390,4,0
2684,2,0
2384,3,0
952,3,1
1346,1,0
3695,5,0
3360,1,1
3683,1,1
2955,3,1
310,3,1
1511,3,1
1554,3,0
1665,2,0
3772,5,1
1652,4,1
2695,5,0
2633,3,1
3352,5,1
2058,3,1
3713,3,0
1859,3,1
3634,3,1
564,4,0
3902,3,0
334,4,1
3855,2,1
657,3,0
936,3,1
1731,3,1
358,2,1
2128,2,0
2068,4,0
1041,3,0
1851,2,0
1915,3,0
3073,3,0
3598,4,0
45,3,0
1366,3,1
697,3,0
797,1,1
2273,3,1
1911,5,0
1007,3,1
2582,1,0
1106,3,1
259,4,1
1358,5,1
513,5,0
2786,4,0
3597,1,0
517,5,1
338,3,0
3844,3,0
2375,1,1
193,1,0
1103,5,1
1402,3,1
2765,5,0
3326,3,0
436,1,1
741,3,0
1796,4,1
1622,2,0
3857,3,1
1821,2,0
1112,5,0
2176,1,1
2201,1,1
2726,3,0
1137,4,1
1743,3,1
1489,5,1
2236,3,1
1187,3,1
714,3,0
866,2,0
1303,5,1
2260,3,0
3687,5,0
431,3,0
1737,1,1
1234,3,0
3658,1,1
3141,2,1
2361,2,1
2906,1,0
3554,4,0
2101,1,0
3795,3,1
1358,5,1
1155,2,1
1264,3,1
2501,3,1
2809,1,1
1111,2,1
243,3,0
1488,5,1
1500,5,0
3483,1,1
2160,2,0
2360,3,1
1482,1,1
1446,3,1
744,3,1
1714,5,1
2211,4,1
1925,1,1
2851,1,0
2685,5,0
3937,3,1
2256,5,0
1743,5,0
2820,5,1
299,1,0
2839,3,0
2584,5,1
3012,2,0
3524,1,0
2227,5,0
608,1,1
628,3,1
2733,5,1
1331,2,1
2440,2,1
2239,2,0
2129,1,0
2607,3,0
2717,3,0
707,5,1
2307,1,0
3933,3,1
2665,3,0
1138,4,0
2401,2,0
3349,3,1
3418,1,0
924,3,1
2036,5,1
1618,1,1
3149,1,1
116,4,0
3016,5,0
845,2,0
542,3,1
1487,2,0
3346,5,0
964,1,1
2696,5,0
1229,2,1
1890,2,1
1334,3,0
3864,2,1
21,5,1
660,1,1
417,2,1
2500,3,0
2077,3,0
3981,3,1
925,4,0
1783,2,0
2680,2,0
1114,3,0
3882,5,1
400,3,1
1157,1,0
1382,1,1
1448,1,0
3187,3,1
923,3,0
1287,5,1
3597,2,1
3289,3,0
581,3,0
3643,5,0
3375,3,0
2070,5,0
2071,3,1
2049,4,1
3858,3,1
3600,4,1
537,4,1
1557,3,1
3178,1,1
1686,5,0
2353,4,1
3396,2,1
1963,1,1
889,3,1
1026,1,1
2736,2,1
415,5,0
737,1,1
1038,4,1
916,4,0
911,2,1
2580,1,0
1798,3,0
718,2,1
357,4,1
3285,1,1
695,1,1
2105,1,0
1625,5,0
3287,1,1
3703,2,0
3886,2,1
3679,3,1
481,1,0
2252,3,0
542,3,0
2066,3,1
1180,3,0
992,3,0
555,4,1
3320,5,1
2337,5,0
3928,1,0
1496,5,1
2932,5,1
2241,1,1
544,3,1
1700,1,1
1610,3,0
3740,5,0
3248,3,1
150,3,0
2019,1,1
3362,3,1
2382,3,1
1926,4,1
1982,5,1
3833,3,1
2000,1,0
344,5,1
3135,3,0
1888,1,0
943,5,0
1861,3,1
2556,4,1
2855,3,1
1595,2,0
1182,2,1
1408,3,0
3606,1,1
3053,2,0
3807,3,0
3296,1,0
2858,3,1
2260,3,0
1309,4,1
3342,3,1
1929,3,0
119,5,0
1875,5,0
2561,1,0
1342,1,1
936,5,0
242,4,1
2613,3,0
2210,3,1
2116,3,0
2990,2,0
2179,1,1
1820,5,0
2325,5,1
2910,5,1
1367,1,0
3823,2,1
1817,3,1
3180,3,0
3014,3,1
2156,2,0
605,1,0
1348,3,0
3270,3,1
2965,4,0
100,3,1
1801,3,0
2785,3,0
200,1,0
3407,5,0
1262,3,0
2051,3,1
3507,2,0
2690,3,1
142,1,0
319,5,1
826,2,1
1779,2,0
1580,1,1
507,3,1
1014,5,0
79,4,1
1705,5,1
2770,4,0
1128,5,1
1025,2,1
1069,3,1
1584,1,0
516,1,0
158,3,0
2973,2,0
1497,3,0
3588,3,1
3434,1,0
3576,2,0
1583,3,0
2742,2,1
3020,2,0
1408,1,0
484,1,0
3394,1,1
2800,3,1
2272,1,0
41,3,1
261,1,0
491,5,0
640,4,0
3855,2,1
758,2,0
2074,3,1
2514,4,0
2365,1,1
1746,5,1
904,3,1
59,3,1
3583,3,1
1725,1,0
1504,3,1
3016,5,0
1288,3,1
1709,3,0
2179,5,1
234,3,0
334,2,0
3084,5,0
17,2,0
2318,3,0
1019,2,1
2190,3,1
1474,3,0
427,3,0
655,3,0
145,1,1
3324,3,1
2816,4,0
2912,4,1
923,5,1
1477,3,1
3317,3,0
776,5,0
2281,5,1
368,3,1
3561,1,0
1968,3,0
2203,3,1
3010,5,0
2300,5,1
668,3,0
936,3,1
1254,3,1
433,2,0
1110,5,0
673,5,0
3841,4,0
3471,2,1
3758,2,0
788,1,1
3191,3,0
745,3,0
1013,2,0
274,4,1
2394,3,0
3653,3,1
2783,5,1
290,3,0
1432,3,1
1245,3,1
3620,4,0
2143,5,0
3044,3,1
2566,1,1
1813,2,0
2174,5,0
1123,3,0
3974,5,1
3262,2,1
1782,1,0
1828,5,0
2125,1,1
1431,1,1
3379,3,0
2074,2,1
3162,5,1
2408,5,0
847,3,1
954,1,1
1543,3,0
640,1,1
2655,3,1
3001,1,1
3870,3,0
662,4,0
1938,3,1
2545,2,0
2006,3,0
532,2,1
1951,5,1
548,1,1
2838,4,1
1531,3,1
2617,3,1
695,1,1
2860,3,0
1326,3,0
759,5,1
2964,2,1
2448,1,0
1677,3,0
3375,5,0
4,5,1
2700,5,0
278,3,1
3132,5,0
2457,3,1
1054,3,0
64,1,0
3006,5,1
2464,5,1
1841,5,1
3442,3,1
1420,5,0
3679,5,1
2078,3,0
1385,5,1
3035,1,0
739,3,0
905,2,0
3973,5,1
3838,1,0
3021,1,0
2918,2,1
2482,1,1
3907,3,0
3701,5,1
808,2,1
2833,3,1
1833,1,0
3668,1,0
3633,3,0
2734,2,1
1525,3,1
503,2,1
1792,3,1
1652,3,1
3358,1,1
1796,4,0
3333,3,0
2488,1,1
392,3,0
2018,4,1
2156,5,0
1440,1,1
458,3,0
416,1,1
1230,3,0
2562,1,0
3424,1,1
341,1,0
3118,3,1
3287,5,1
3028,3,0
1984,5,0
637,3,1
3031,3,0
1641,1,1
2000,2,1
2801,2,1
1357,5,1
3354,3,0
3029,2,1
2237,5,1
162,1,0
3895,5,1
970,2,0
143,3,0
3064,2,1
1527,2,0
3285,1,0
3034,5,0
3000,4,0
1617,1,1
2516,4,0
883,2,1
2483,3,1
2646,1,0
1164,5,1
1166,3,1
2735,5,1
474,2,1
3201,3,0
1921,3,1
184,5,0
3963,2,0
3259,4,0
1415,3,0
1346,5,0
2811,1,0
464,2,0
2478,1,1
1896,3,0
2881,1,1
702,3,1
1306,5,0
3076,1,1
2767,2,1
3958,1,0
466,3,1
3614,3,1
2993,5,1
325,3,1
2318,3,0
911,3,1
1114,2,0
2302,3,0
231,3,1
886,1,0
1988,5,0
1145,5,0
2092,1,0
1659,3,1
2548,1,0
1250,2,1
13,2,1
462,5,0
2701,3,1
2750,5,0
92,2,0
1852,2,0
337,3,0
1629,5,1
3502,3,0
1621,1,0
3615,4,0
3955,2,1
400,3,0
1284,2,1
916,3,1
632,3,1
294,5,1
1173,3,0
2548,3,1
495,2,1
203,1,1
2428,2,1
352,4,0
1026,2,1
1977,2,0
1837,4,0
2540,1,0
3535,5,0
3915,3,0
1298,1,0
2455,5,1
2538,3,0
2359,1,0
271,3,0
219,3,0
2168,1,1
3193,3,1
1074,5,0
3071,3,0
1909,5,1
1354,2,1
3471,2,1
435,2,1
2448,3,0
1784,4,0
2820,5,1
2061,3,1
3158,4,1
338,5,0
428,1,0
3403,3,1
2416,3,0
2307,3,0
1831,1,0
199,5,1
370,2,0
2045,3,0
72,3,0
3407,3,0
3099,5,0
589,3,0
3474,4,0
2897,2,0
63,3,1
3897,2,0
2293,3,1
478,4,0
3044,3,1
1228,1,1
3015,5,0
2306,4,1
3717,4,0
338,5,1
3278,4,1
2388,3,0
1829,3,1
2798,2,0
255,1,0
233,1,0
2406,2,1
3992,3,0
2355,5,0
1592,3,1
235,5,0
638,2,0
3907,3,1
580,5,0
3267,5,1
184,1,0
3339,1,0
1634,2,0
1141,1,1
3541,1,1
3406,3,0
3014,1,0
2382,5,0
31,2,0
23,5,1
2540,3,1
713,3,0
1647,3,0
669,5,0
797,5,0
3610,4,0
2164,3,1
2477,5,0
2626,3,1
695,1,0
2835,3,1
3640,3,0
3071,1,0
3782,4,1
1584,3,0
3124,1,1
2231,4,0
3874,3,0
2683,3,1
3188,3,1
3061,2,0
2716,3,1
2826,3,0
1650,4,1
1585,2,0
2911,5,0
1055,3,1
1738,4,1
2394,3,0
3471,2,0
2299,1,1
3711,5,0
2507,4,0
2512,5,1
658,5,1
3713,3,0
3198,4,0
3910,1,0
465,4,0
1586,5,0
231,3,1
3664,4,1
3421,4,0
2627,1,0
196,1,0
1055,2,1
1873,2,0
1185,4,0
1615,3,0
1178,5,1
108,2,1
3947,5,0
1586,5,0
169,3,0
2644,1,0
455,1,1
1861,5,0
2550,3,0
1322,1,0
1809,3,1
497,5,1
2434,4,1
1768,3,1
2024,3,1
2353,5,1
793,1,0
2099,3,1
390,3,0
1917,3,1
280,1,1
1278,3,1
2465,3,1
3199,5,0
3019,4,1
2245,5,0
74,1,1
3090,3,1
1617,3,1
2523,2,0
2303,3,0
1932,5,1
2753,3,0
165,2,1
3662,1,1
3073,4,0
3716,1,0
1771,2,1
1800,1,0
3890,2,0
3321,1,1
404,2,1
1994,1,1
2717,5,1
801,1,1
1227,3,1
3538,3,1
3658,1,1
1431,2,1
1209,3,0
560,3,1
1851,3,0
3250,3,0
2189,4,0
1458,4,0
261,3,0
2768,2,0
2317,3,1
3220,3,0
3083,5,1
2053,1,0
3605,3,0
2993,1,0
3920,3,0
1622,5,0
621,5,1
3940,2,1
3529,2,0
1722,3,0
1748,4,0
196,3,0
1119,4,0
945,4,0
1492,3,1
1733,2,1
2022,1,0
2571,2,0
1177,3,1
1693,1,1
670,3,1
3715,3,0
887,3,0
3803,5,1
2786,3,1
3243,2,0
3342,5,1
1915,5,1
3370,3,1
1111,3,1
441,1,0
3350,1,1
2048,3,0
1084,1,0
1144,4,1
3064,1,0
2816,3,0
3647,1,0
2408,2,0
1541,3,0
178,2,0
203,4,1
2960,3,1
247,3,0
3974,4,1
3008,3,1
3790,3,1
2796,1,0
2284,2,0
235,3,1
925,2,0
1899,3,1
3726,4,1
1555,3,0
475,1,1
389,5,1
145,4,0
3231,3,1
3422,3,0
3027,4,1
2895,5,0
3516,4,0
1969,4,1
1591,1,1
3957,5,1
680,3,1
2703,2,1
477,2,1
1214,2,0
1967,5,1
1332,3,1
2777,3,0
1458,2,0
1745,2,0
249,3,0
2971,4,0
463,3,1
205,2,1
2692,1,0
3324,5,0
649,5,0
12,2,1
3501,5,1
1291,5,1
1421,2,0
143,3,1
1181,3,1
3217,4,0
2907,2,1
1418,2,0
3930,2,0
2162,3,1
1795,5,0
377,3,0
1662,3,1
1731,5,0
3333,1,0
3810,1,1
3743,5,0
3912,2,0
2546,1,1
396,5,0
1868,2,0
1282,4,0
3061,4,0
1403,5,0
1030,4,1
2162,3,0
1768,1,1
3299,3,0
2603,3,0
3076,1,0
700,3,0
3822,3,0
1943,1,1
518,1,0
3771,1,1
2584,1,0
107,2,0
1795,2,1
122,3,0
2580,1,1
3611,4,0
2492,3,0
1409,2,0
2176,5,0
3478,3,0
1698,4,0
3274,1,0
2137,3,1
1436,3,0
3905,1,1
475,3,0
1385,3,1
1614,3,1
2585,3,0
3285,3,1
3483,2,1
2487,3,0
3158,5,1
864,5,1
3278,3,0
3586,2,1
3067,3,1
3102,2,1
3152,5,1
32,5,1
3103,5,1
2448,1,1
2967,5,1
442,1,0
3544,3,1
3707,2,1
3310,2,1
3768,1,1
3281,5,0
2674,3,1
2476,4,1
1382,5,1
3230,1,1
1232,2,0
2243,1,1
829,3,1
1639,1,1
3421,3,0
1217,2,1
1363,3,1
3670,2,0
3816,1,0
3699,2,1
1921,1,0
2970,4,1
2601,3,1
2681,3,1
1331,2,1
1792,5,0
1905,3,1
461,4,1
379,4,0
3492,3,0
561,3,1
3219,5,1
2412,1,1
2104,1,0
2226,2,0
2994,2,0
3065,3,1
698,5,1
314,3,1
513,3,1
1056,3,1
1136,1,1
2643,3,0
2535,3,1
295,3,0
416,5,0
3472,3,0
1675,3,1
895,2,0
675,3,1
1343,1,1
615,2,0
3285,2,0
946,3,1
394,1,0
885,1,0
1510,3,0
1281,2,0
3284,2,1
335,2,1
1193,2,0
3837,4,0
2360,2,1
1079,3,1
784,2,0
1732,3,0
981,2,0
1088,4,0
3419,1,1
2072,3,1
65,5,0
183,3,1
173,5,0
1108,3,0
2210,1,1
3525,1,1
3739,3,0
1446,1,1
2278,4,0
2299,2,0
965,4,1
6,1,0
1802,1,1
2929,1,0
3745,3,1
2482,4,0
3354,3,1
987,3,0
303,1,1
1960,1,1
860,3,0
2270,5,0
3824,5,1
640,3,1
764,5,0
3230,1,0
2129,4,0
1130,5,0
782,3,1
2799,1,1
3991,3,0
2011,5,0
3827,1,0
585,2,1
2918,5,0
229,3,1
2106,3,1
574,3,0
3444,3,0
1061,4,1
2247,3,1
3974,2,1
3550,2,0
2049,2,1
919,1,0
3737,5,1
51,3,1
1980,1,0
726,5,1
515,1,0
518,3,1
787,1,1
2392,3,1
873,3,1
2495,2,0
2674,5,0
3610,3,0
682,2,0
2936,2,1
1221,3,1
1833,3,1
2477,2,1
3317,4,0
2816,2,1
1558,3,0
639,3,0
2419,2,1
675,3,1
3734,5,0
1508,2,1
1582,2,1
2529,2,0
143,1,0
2675,5,1
798,4,0
3948,4,0
1261,1,0
77,1,0
1958,5,0
3152,1,1
961,3,0
3954,1,1
2278,3,1
2319,3,1
1993,2,0
910,3,0
287,2,0
3089,3,1
1657,1,1
2299,5,0
371,1,0
2648,4,0
1423,5,0
516,5,1
1952,3,1
673,1,1
1602,3,1
2787,5,0
2093,1,0
3545,3,1
15,1,0
3410,5,1
2194,1,0
3254,4,0
1123,3,0
1360,3,1
1344,3,1
417,5,0
1895,1,1
1922,1,1
489,3,0
1564,3,1
1424,3,0
1297,5,0
900,3,1
1491,1,1
3527,1,1
2780,3,1
1093,3,0
501,2,1
2573,1,1
3503,5,1
919,5,0
44,2,1
1857,2,1
1019,3,0
1262,2,1
3438,3,1
3649,3,0
2706,1,1
3663,3,0
1114,2,1
2794,1,1
3218,3,0
2197,3,1
93,3,1
175,3,0
3158,1,0
3454,3,1
1611,3,0
1733,5,1
1345,3,0
1720,5,0
2455,4,1
1518,2,0
1708,2,1
823,5,1
2436,2,1
2033,1,0
2311,4,0
1098,1,0
2154,3,0
3358,2,0
2674,2,1
1101,3,1
3908,3,0
155,3,0
2629,5,1
2582,3,0
813,1,0
1832,3,1
1764,4,0
3728,5,1
3843,2,0
1827,2,0
3022,5,0
38,1,1
2938,4,1
1016,3,1
3751,2,0
3972,3,1
1821,5,0
3553,4,0
3720,3,0
2933,1,1
2694,4,1
2921,1,0
2897,5,0
3037,5,1
634,2,0
416,2,1
1771,3,0
2260,5,1
1500,1,0
2878,4,0
2130,5,1
2804,1,0
1191,3,1
3581,2,0
306,5,0
3470,2,1
3782,2,1
3302,2,0
1560,1,0
1044,1,0
3281,5,0
1472,5,1
885,3,0
1796,1,0
1641,3,0
218,4,0
852,3,0
2768,3,0
3649,4,1
1849,3,0
2970,4,1
1219,3,0
3783,3,1
47,1,0
123,3,0
3572,3,1
1499,3,1
740,4,0
3893,3,0
2830,3,1
2479,3,0
1845,5,1
1717,2,1
910,3,0
103,1,1
1563,2,0
1258,3,1
3901,1,0
3099,3,1
741,3,0
1012,2,1
1623,5,1
3060,2,1
2700,2,0
3857,5,1
3064,1,1
1422,5,1
1113,4,1
3430,3,1
1361,3,1
875,3,0
1312,3,0
3401,4,0
1615,3,0
2212,5,1
1856,3,1
1199,5,0
550,3,0
3772,5,1
365,3,0
312,5,1
2022,1,1
2203,3,1
2881,1,1
2543,3,0
3569,1,1
3362,4,1
1594,4,0
2210,2,1
140,1,0
339,5,0
1857,2,1
452,2,0
1000,2,0
3741,5,1
3256,1,1
2713,3,1
577,4,1
1416,3,1
2539,2,0
558,1,1
2375,1,0
1999,1,1
3850,1,1
205,3,0
1648,3,1
3909,2,1
668,2,0
3423,2,0
1524,3,0
423,2,0
1056,3,1
1180,5,0
1425,3,1
669,2,0
3003,5,0
1401,4,1
3358,1,0
2150,5,0
1317,3,0
3756,5,1
1111,3,0
3571,2,0
1162,1,1
3114,3,0
2711,1,0
3377,4,1
2494,4,0
2723,5,1
3314,1,0
286,3,0
2871,4,0
219,3,0
3000,3,1
3552,4,1
673,4,1
3021,2,1
418,5,0
217,3,0
3502,1,1
2026,1,1
1986,3,1
454,1,1
32,3,1
3009,1,0
610,3,1
849,4,1
3413,3,0
2687,2,0
3247,5,0
1906,5,1
1229,1,1
3437,1,0
1991,4,1
2347,3,1
3604,2,0
650,3,1
69,2,1
255,2,1
1810,3,1
3579,1,0
145,5,1
55,2,0
3347,3,0
2591,3,0
2673,3,1
776,2,1
192,3,0
353,3,1
821,1,0
3698,3,0
1322,4,1
2105,3,0
771,4,1
3,4,0
815,2,0
1276,1,0
3237,2,1
3932,4,0
849,5,0
2910,2,0
2443,1,1
3216,3,0
3771,3,1
3621,3,0
1244,2,0
891,3,1
1419,2,0
1414,4,1
594,1,1
1690,5,0
3381,2,0
1169,4,1
76,4,1
3037,2,1
143,5,0
1867,1,1
2393,4,0
3436,2,0
1485,5,1
3970,3,0
2995,1,0
1353,5,0
2828,5,0
101,1,1
3029,5,0
2048,3,0
1323,3,1
1640,1,1
1472,3,0
3580,1,1
309,5,0
2535,5,1
3628,5,1
1925,1,0
393,2,1
341,1,0
2204,1,0
2923,3,0
2580,2,1
3765,3,1
3680,4,1
3637,4,0
1664,1,0
382,2,1
2427,3,1
1389,1,0
3852,5,0
1907,2,0
3107,3,0
2953,1,0
2410,2,1
411,5,1
1542,5,0
2574,4,0
707,3,1
240,3,0
3083,3,0
1627,1,1
164,3,1
3809,3,1
1108,5,1
314,5,0
3950,5,1
2038,1,1
893,5,0
3225,2,0
1939,1,1
2624,2,1
3911,3,0
2174,4,0
721,5,1
1437,5,0
3854,3,1
856,3,1
220,2,1
2106,1,0
3192,3,1
631,3,0
2503,5,0
2205,3,1
1278,4,0
2521,3,1
3247,3,0
251,2,0
775,3,1
856,5,1
319,3,0
3405,5,0
1870,5,0
2057,3,0
1071,1,0
2847,3,1
1109,3,1
886,5,0
3519,3,0
3920,2,1
3479,3,1
1861,1,1
1602,1,1
1367,3,0
1618,3,0
3563,3,1
2252,1,1
3039,5,1
118,5,1
1046,5,1
401,3,0
2467,1,1
2821,4,1
1699,5,1
3575,5,1
1030,2,0
1959,1,0
43,1,0
1089,1,0
2334,3,0
2993,3,1
3032,3,1
2623,2,0
3705,5,0
2955,2,1
3489,5,1
2843,3,0
3399,3,1
3458,3,1
265,3,0
3544,3,1
2279,4,0
1772,1,1
2873,1,0
3164,1,1
3500,3,1
1217,3,1
2100,3,1
3029,1,1
968,3,0
2775,1,1
1347,3,1
40,5,0
867,3,1
3459,3,1
2453,2,1
2895,2,1
2336,3,1
3662,1,1
1290,2,1
3194,4,0
2916,4,0
38,4,0
271,3,1
3560,3,0
1765,2,1
1933,5,0
1036,4,0
2837,2,0
1147,1,0
1239,3,0
1259,1,0
1854,1,0
2244,1,0
3377,3,1
3622,2,1
198,5,1
3009,3,1
3072,2,0
122,3,0
1943,3,1
2146,2,0
2228,5,1
2870,3,0
1473,5,1
190,5,1
1849,3,0
2689,3,1
3510,5,0
1913,4,0
2277,2,1
2582,3,0
2660,4,0
2282,4,0
1023,1,1
232,2,1
127,3,1
3134,2,0
2825,4,0
103,1,0
746,3,1
1300,1,0
3788,1,0
2633,5,0
3189,3,0
1690,5,0
2447,1,1
957,3,0
133,1,0
1565,5,0
1655,2,1
3782,3,1
2562,3,1
3610,4,0
166,3,0
2533,3,0
104,2,0
638,3,0
488,3,0
337,4,0
3585,2,0
519,1,0
3728,3,1
680,3,1
3935,4,1
2438,5,0
3891,3,1
2168,3,1
707,3,1
1748,3,1
3142,5,1
2784,5,0
889,2,1
3718,2,0
3811,5,0
3378,1,1
932,3,0
2588,3,1
3515,3,0
1481,2,1
142,2,0
3230,2,0
2908,1,1
1160,1,1
2076,2,0
2641,4,0
450,3,0
3478,1,1
1746,3,0
577,1,1
787,1,1
816,5,0
3142,4,0
3452,3,0
2455,3,1
2029,5,0
2761,3,0
3501,1,0
2820,5,1
3593,3,0
3007,2,0
3314,3,0
3465,4,1
409,3,1
2283,3,1
947,1,1
2542,1,0
2719,5,0
3056,3,0
157,2,1
400,3,1
3503,3,0
2801,5,0
465,1,1
2262,1,0
3512,1,0
797,2,1
432,2,0
3101,1,0
3985,2,1
2795,4,1
2456,3,0
257,3,1
1749,1,1
2448,3,0
1735,4,0
2033,1,1
1048,3,0
643,3,0
1179,3,0
10,3,1
921,3,0
1533,3,1
3800,5,1
3846,2,0
1187,2,1
355,1,0
1498,3,0
433,4,0
859,1,0
2501,4,1
1708,2,0
113,2,1
3321,5,1
3117,3,0
1144,3,0
727,3,0
11,3,1
3482,3,1
70,1,0
2083,3,1
3182,3,1
2479,3,0
3735,3,1
2213,4,1
2190,1,0
3696,2,0
3817,4,1
3524,3,0
2698,4,1
1833,5,1
2932,1,1
1620,2,0
1842,3,0
1559,5,0
2855,1,1
807,5,1
855,1,1
6,4,0
808,5,0
439,1,1
848,3,0
426,3,1
207,3,1
3051,2,0
3497,1,0
34,2,0
1547,3,1
1983,1,0
1382,4,1
2503,1,1
2930,3,0
272,3,0
2821,1,1
1053,3,1
3198,5,0
1723,1,1
25,5,0
1973,1,1
2392,3,0
1301,1,1
1210,5,1
3759,2,1
496,1,1
1688,2,0
1704,5,0
60,1,0
3543,3,0
2963,2,0
931,4,0
3369,3,1
1594,2,0
1870,3,1
2333,3,1
608,3,1
1422,5,0
1074,1,0
3537,1,0
3874,3,0
908,3,1
1133,5,0
315,1,1
1447,1,1
305,2,1
515,2,1
1821,3,0
2678,3,0
3324,2,1
806,3,0
1571,1,0
1676,3,0
2960,3,0
3556,3,1
1644,2,1
2753,1,0
3663,3,0
3082,5,1
481,3,0
2615,3,1
3919,3,1
3760,3,0
3337,5,1
2622,4,0
1237,5,1
3039,2,1
1769,5,0
934,3,1
2665,3,0
858,2,1
2495,4,1
1255,2,1
3520,2,1
116,1,1
2652,5,0
1008,2,1
2614,3,0
1380,2,0
2444,1,0
1335,3,0
2171,1,0
2821,2,0
704,3,1
1989,5,0
3526,3,0
1807,3,0
2155,3,1
3306,4,0
1183,3,1
3123,2,0
2035,3,0
1039,1,1
1420,3,1
1717,3,0
2774,1,0
3556,5,0
2224,3,0
2025,1,1
3675,3,0
1997,4,1
2724,3,0
1094,3,0
2180,2,1
3713,4,0
13,3,0
1495,5,0
3482,3,0
1082,3,1
639,2,1
3681,4,1
1904,1,1
402,3,1
2214,3,1
1120,3,0
1271,3,1
715,1,0
237,3,1
2332,5,0
2872,2,1
3077,3,1
1497,2,0
3390,2,1
466,2,1
1348,1,0
1075,4,0
2839,5,0
192,1,0
3601,5,1
2860,4,1
875,3,0
2024,5,1
1332,2,0
316,1,1
800,5,0
3060,1,0
1087,3,0
1172,1,1
130,3,0
2014,1,0
1829,5,0
322,3,0
3530,1,0
1253,5,0
2450,3,0
2029,1,1
1874,2,1
3036,1,1
3305,5,0
1874,4,0
1252,5,0
1161,3,0
2352,5,1
2676,1,1
3536,3,0
808,5,1
1754,1,1
3781,1,1
734,1,1
3648,5,1
827,4,0
2266,5,0
3279,3,1
1122,1,0
1166,3,0
3761,4,1
22,2,0
983,3,0
2345,3,0
3659,1,0
935,1,0
704,3,0
1743,3,1
3536,3,0
3151,5,1
840,3,1
2261,5,1
1273,3,1
1728,2,0
1344,4,0
544,4,0
3553,2,0
109,1,1
2720,5,0
1754,3,0
877,3,1
3434,2,0
1059,3,1
816,1,0
2459,1,1
1388,3,1
1784,3,1
3846,3,1
247,4,1
2124,3,0
111,1,1
1853,4,0
1414,5,0
636,3,0
494,3,0
3699,3,0
3908,1,0
2207,3,1
49,2,1
3362,4,0
2055,3,1
734,1,0
644,1,0
3258,3,0
3757,3,0
2838,3,0
62,5,0
2560,1,1
3411,4,0
3097,3,1
1559,2,0
2019,3,0
2067,2,0
3693,3,0
2942,3,0
1722,2,0
3270,2,0
3313,2,0
3175,3,0
2979,3,0
2134,3,0
1536,3,0
2919,3,0
2,2,0
2132,2,1
1422,4,0
1961,5,1
2686,3,0
3848,3,1
1916,3,1
2526,2,1
801,3,0
3040,3,1
1223,3,0
2601,2,0
3430,3,0
1031,3,1
625,3,0
636,4,0
3403,5,0
2967,1,0
2471,5,1
2160,1,1
853,4,1
1645,1,0
2001,1,0
1130,2,1
2175,1,1
3725,4,1
1726,5,1
1107,5,1
1424,5,1
1902,4,1
2455,5,0
1383,1,1
631,5,0
1699,2,1
686,5,0
933,2,1
1697,3,1
1916,1,1
2870,3,0
2615,4,0
600,1,0
7,1,0
1575,2,0
1291,3,1
664,5,0
3422,1,0
3921,3,1
13,3,1
3775,5,1
1383,4,0
3425,3,1
3414,2,1
1631,4,1
2246,4,0
663,5,1
987,2,1
2165,5,1
133,5,0
2055,1,0
1719,1,1
2386,1,1
560,1,1
1060,1,1
3217,1,0
2050,5,0
1312,4,0
183,5,1
1885,4,1
950,3,1
86,3,1
2875,5,1
1316,3,1
257,5,1
1183,1,0
3967,1,0
1534,3,1
3010,2,1
2795,3,0
606,5,1
3669,1,0
557,1,0
3332,2,0
1686,5,1
1727,3,1
3378,1,1
3569,1,1
3957,4,0
965,3,1
1404,3,1
3770,1,1
1857,3,0
2602,3,0
489,3,1
3543,3,0
895,1,0
1576,2,0
988,3,0
859,3,1
1560,5,0
1933,3,1
605,1,1
2709,2,0
3529,4,0
453,5,1
2108,3,1
1263,5,0
946,2,0
2636,1,0
3508,4,1
3080,5,1
3049,2,0
1963,5,1
1804,2,0
3439,3,0
725,2,0
710,3,0
2203,1,0
2087,3,1
3196,3,0
2594,3,1
2772,3,1
2452,2,1
587,3,0
120,3,0
2468,3,1
478,2,1
2570,2,0
3269,1,0
21,3,1
31,3,1
1957,3,0
2660,3,0
1795,5,0
1935,3,0
2188,1,1
2274,3,0
2638,5,0
505,2,0
3848,2,1
971,3,1
318,3,0
1390,3,0
1457,1,0
1319,2,1
1062,3,0
1452,2,1
2395,3,0
546,2,1
1116,5,0
748,5,0
1917,1,0
3619,3,0
1065,2,1
3129,3,1
3606,5,1
2531,1,0
2604,3,1
2041,5,0
3993,5,0
1975,2,0
3507,3,1
3643,3,1
1181,3,1
3995,3,0
668,2,0
2674,3,1
3537,3,0
185,1,1
2148,5,1
1079,1,1
3855,5,0
219,5,1
2807,1,1
2918,3,0
1028,3,0
1245,2,0
3547,5,0
1386,3,1
2776,3,0
934,5,1
2013,4,1
3787,3,1
2197,3,0
427,5,0
2884,4,0
2432,5,0
2197,3,0
1545,3,0
3315,2,1
2361,3,1
990,1,1
3172,2,0
2917,3,1
1890,1,0
2518,2,0
904,5,0
3125,3,1
3477,1,0
291,3,1
2254,3,0
3242,1,1
3852,3,1
1692,3,0
3406,5,1
3670,2,0
3979,4,1
972,2,0
2551,3,0
1333,3,0
3306,3,0
1142,2,0
434,1,1
2557,3,0
3674,5,1
2977,1,1
3351,3,1
202,3,1
2598,3,0
2793,3,0
3020,2,1
927,2,0
2780,4,1
1581,2,0
3120,5,0
3890,5,1
1459,5,0
2061,3,0
2978,3,1
1275,5,0
2709,2,1
3708,1,1
403,5,0
3997,1,1
130,2,1
1405,5,1
380,3,0
793,3,1
3360,2,0
1923,3,1
1101,3,1
2905,3,0
1546,2,1
3942,3,0
3393,3,0
1636,1,0
562,3,0
3514,2,0
1848,4,1
807,2,1
3210,3,0
3902,2,1
3742,2,1
1302,1,0
1844,2,1
3178,3,1
1658,3,0
2517,3,1
2715,1,1
2905,4,1
3095,5,0
3612,3,1
338,3,1
3616,3,1
612,3,0
837,2,0
1333,1,1
3820,4,0
2810,1,1
2647,1,1
1426,5,1
413,1,1
2340,2,1
2003,1,0
1943,2,0
2432,3,1
3319,1,0
1402,1,0
2226,3,0
1777,1,1
2202,1,0
513,3,1
3883,5,0
3960,5,1
2420,3,0
348,2,1
2993,3,1
860,1,1
1812,2,0
698,5,1
451,1,1
55,1,1
3495,1,0
1416,4,0
2999,3,0
2385,3,1
1834,1,1
2778,2,0
517,2,0
2995,3,1
2147,3,1
1155,3,1
690,3,0
23,5,0
2822,5,0
3718,2,1
1647,2,1
532,1,1
3265,5,1
2638,3,1
3524,2,0
2114,2,0
135,2,0
1951,5,0
3049,2,1
830,3,0
1497,3,1
1318,1,1
1201,3,0
636,3,0
791,1,0
191,2,1
2500,3,1
440,1,1
1392,2,1
1666,3,0
2047,4,1
343,5,0
3554,3,0
3858,3,1
2223,1,0
1079,3,1
3150,3,0
2143,2,1
1551,3,0
730,1,0
964,1,0
3668,4,0
2316,3,1
2559,3,0
1976,1,0
1267,2,1
3077,1,0
3677,1,0
3008,3,1
2757,1,1
483,3,0
2996,1,1
2957,2,0
382,3,0
3208,2,0
1273,5,1
2282,1,1
82,1,1
356,3,1
3317,4,0
172,3,1
3076,3,0
3675,5,0
1260,3,1
744,1,1
2382,2,0
1485,2,0
638,5,0
907,2,0
1800,5,0
2804,3,0
3082,3,0
3359,2,1
3440,4,0
120,5,1
1642,1,0
3692,3,0
1105,4,0
3708,5,1
2671,2,0
343,1,1
1671,2,0
3508,1,1
1159,1,1
975,3,0
2584,2,0
1317,3,0
2886,2,1
2671,1,0
970,5,1
3497,5,1
2494,5,0
894,1,1
734,5,1
2629,3,1
3540,2,1
2579,5,0
1433,3,0
2417,3,0
3896,3,1
1938,2,1
3784,1,0
2146,3,0
632,3,1
2761,5,1
2694,4,0
692,5,0
583,2,1
1851,4,0
2453,1,1
938,1,0
2732,1,0
3646,3,0
1998,2,0
586,1,0
391,1,0
856,3,0
2801,5,0
2237,5,0
2526,1,0
1822,5,0
1807,1,0
1838,3,0
753,1,0
3696,3,1
1075,1,0
186,4,0
2440,3,0
267,2,0
149,2,0
1954,5,1
3439,1,0
1688,5,0
474,2,0
1227,3,0
3449,3,0
1796,2,0
353,4,1
947,1,0
3791,3,1
3382,2,1
518,2,0
3923,2,1
1194,1,0
1987,3,1
2040,3,0
2278,3,0
3069,4,0
1765,3,1
1157,3,1
1860,2,1
2690,1,0
2161,1,1
1043,4,1
2188,1,1
695,2,1
2125,4,0
3315,3,1
573,2,1
2557,3,1
2390,1,0
425,5,0
311,3,1
2522,3,1
3400,3,1
2345,5,1
1857,3,0
2151,5,0
2041,4,0
3032,1,1
1175,5,1
1282,4,1
470,3,1
3273,3,0
1063,2,0
219,1,1
3018,1,1
1597,3,0
740,2,1
3895,2,0
970,5,0
2359,2,1
733,1,1
1163,5,1
3089,3,0
1970,1,0
2621,3,0
35,1,1
1177,4,0
1839,3,0
262,4,0
2563,5,0
411,1,0
2486,1,0
2073,1,0
3388,3,0
387,3,1
2133,2,0
411,5,0
480,1,0
2161,2,1
810,1,1
1188,3,1
3070,3,0
3097,3,0
3877,5,1
3608,4,0
685,1,1
2409,2,1
1711,3,1
1622,1,1
3171,3,0
